sample_id,vol_cor,sieve,fraction_proc,size_class,phylum,class,order,family,genus,species,plot.taxon.g,plot.taxon.d,plot.taxon,labID,stage,sex,length,count,tot_count,abundance,lab_processor,sample_time,ww,biomass,processor_notes,tow_id,tow_fraction,preservation_method,analyzed_by,sample_comments,survey_date,site_id,sampling_bout,tow_type,line_out_depth,tow_lat,tow_long,tow_start_time,tow_bot_time,tow_end_time,tow_duration,flow_meter,flowmeter_in,flowmeter_out,flow_flag,revolutions,corrected_volume,modelled_volume,solo_id,solo_depth,tow_split,sample_collected,zoop_tow_comments,quality_level,quality_log
QPK751,7.277517206,250,0.03,1 to 2,Arthropoda,Maxillopoda,Calanoida,Acartiidae,Acartia,NA,Calanoid copepod,Acartia,Acartia,Acartia,NA,NA,<2,1,33,4.58,Andrea Le,14:27:00,945.6,129.9344231,NA,2016-06-16_D07_1,1,formalin,NA,NA,2016-06-16,D07,1,H,0,50.191383,-125.143884,2016-06-16 14:27:18 PDT,NA,2016-06-16 14:29:03 PDT,0:01:45,B27226,384430,385776,N,1346,7.277517206,NA,NA,NA,no,TAX,NA,Technician,NA
QPK751,7.277517206,2000,1,>10,Cnidaria,Hydrozoa,Leptomedusae,Aequoreidae,Aequorea,victoria,Other,Aequorea,Aequorea,Aequorea victoria,NA,NA,20,1,1,0.14,Andrea Le,14:27:00,853.5,117.2790082,gelatinous,2016-06-16_D07_1,1,formalin,NA,NA,2016-06-16,D07,1,H,0,50.191383,-125.143884,2016-06-16 14:27:18 PDT,NA,2016-06-16 14:29:03 PDT,0:01:45,B27226,384430,385776,N,1346,7.277517206,NA,NA,NA,no,TAX,NA,Technician,NA
QPK751,7.277517206,2000,1,5 to 10,Cnidaria,Hydrozoa,Anthoathecata,Pandeidae,Amphinema,platyhedos,Other,Amphinema,Amphinema,Amphinema platyhedos,NA,NA,5.4,2,2,0.27,Andrea Le,14:27:00,853.5,117.2790082,gelatinous,2016-06-16_D07_1,1,formalin,NA,NA,2016-06-16,D07,1,H,0,50.191383,-125.143884,2016-06-16 14:27:18 PDT,NA,2016-06-16 14:29:03 PDT,0:01:45,B27226,384430,385776,N,1346,7.277517206,NA,NA,NA,no,TAX,NA,Technician,NA
QPK751,7.277517206,2000,1,2 to 5,Cnidaria,Hydrozoa,Anthoathecata,Pandeidae,Annatiara,affinis,Other,Annatiara,Annatiara,Annatiara affinis,NA,NA,3.5,1,1,0.14,Andrea Le,14:27:00,853.5,117.2790082,gelatinous,2016-06-16_D07_1,1,formalin,NA,NA,2016-06-16,D07,1,H,0,50.191383,-125.143884,2016-06-16 14:27:18 PDT,NA,2016-06-16 14:29:03 PDT,0:01:45,B27226,384430,385776,N,1346,7.277517206,NA,NA,NA,no,TAX,NA,Technician,NA
QPK751,7.277517206,250,0.03,<1,Arthropoda,Maxillopoda,NA,NA,NA,NA,Barnacle,Barnacle,Barnacle,Barnacle Nauplius,nauplius,NA,<2,94,3133,430.55,Andrea Le,14:27:00,945.6,129.9344231,NA,2016-06-16_D07_1,1,formalin,NA,NA,2016-06-16,D07,1,H,0,50.191383,-125.143884,2016-06-16 14:27:18 PDT,NA,2016-06-16 14:29:03 PDT,0:01:45,B27226,384430,385776,N,1346,7.277517206,NA,NA,NA,no,TAX,NA,Technician,NA
QPK751,7.277517206,250,0.03,<1,Mollusca,Bivalvia,NA,NA,NA,NA,Other,Bivalvia,Bivalvia,Bivalve veliger,veliger,NA,<2,10,333,45.8,Andrea Le,14:27:00,945.6,129.9344231,NA,2016-06-16_D07_1,1,formalin,NA,NA,2016-06-16,D07,1,H,0,50.191383,-125.143884,2016-06-16 14:27:18 PDT,NA,2016-06-16 14:29:03 PDT,0:01:45,B27226,384430,385776,N,1346,7.277517206,NA,NA,NA,no,TAX,NA,Technician,NA
QPK751,7.277517206,250,0.03,<1,Bryozoa,NA,NA,NA,NA,NA,Other,Bryozoa,Bryozoa,Bryozoa,NA,NA,<2,2,67,9.16,Andrea Le,14:27:00,945.6,129.9344231,NA,2016-06-16_D07_1,1,formalin,NA,NA,2016-06-16,D07,1,H,0,50.191383,-125.143884,2016-06-16 14:27:18 PDT,NA,2016-06-16 14:29:03 PDT,0:01:45,B27226,384430,385776,N,1346,7.277517206,NA,NA,NA,no,TAX,NA,Technician,NA
QPK751,7.277517206,250,0.03,1 to 2,Arthropoda,Maxillipoda,Calanoida,Centropagidae,Centropages,abdominalis,Calanoid copepod,Centropages,Centropages,Centropages abdominalis,NA,F,<2,2,67,9.16,Andrea Le,14:27:00,945.6,129.9344231,NA,2016-06-16_D07_1,1,formalin,NA,NA,2016-06-16,D07,1,H,0,50.191383,-125.143884,2016-06-16 14:27:18 PDT,NA,2016-06-16 14:29:03 PDT,0:01:45,B27226,384430,385776,N,1346,7.277517206,NA,NA,NA,no,TAX,NA,Technician,NA
QPK751,7.277517206,250,0.03,<1,Arthropoda,Maxillipoda,NA,NA,NA,NA,Other,Copepod (<CV),Copepod nauplius,Copepod nauplius,nauplius,NA,<2,82,2733,375.59,Andrea Le,14:27:00,945.6,129.9344231,NA,2016-06-16_D07_1,1,formalin,NA,NA,2016-06-16,D07,1,H,0,50.191383,-125.143884,2016-06-16 14:27:18 PDT,NA,2016-06-16 14:29:03 PDT,0:01:45,B27226,384430,385776,N,1346,7.277517206,NA,NA,NA,no,TAX,NA,Technician,NA
QPK751,7.277517206,250,0.03,1 to 2,Arthropoda,Maxillipoda,Calanoida,NA,NA,NA,Calanoid copepod,Copepod (<CV),Copepodite,Copepodite,C1,NA,<2,18,600,82.45,Andrea Le,14:27:00,945.6,129.9344231,NA,2016-06-16_D07_1,1,formalin,NA,NA,2016-06-16,D07,1,H,0,50.191383,-125.143884,2016-06-16 14:27:18 PDT,NA,2016-06-16 14:29:03 PDT,0:01:45,B27226,384430,385776,N,1346,7.277517206,NA,NA,NA,no,TAX,NA,Technician,NA
QPK751,7.277517206,250,0.03,1 to 2,Arthropoda,Maxillipoda,Calanoida,NA,NA,NA,Calanoid copepod,Copepod (<CV),Copepodite,Copepodite,C2,NA,<2,1,33,4.58,Andrea Le,14:27:00,945.6,129.9344231,NA,2016-06-16_D07_1,1,formalin,NA,NA,2016-06-16,D07,1,H,0,50.191383,-125.143884,2016-06-16 14:27:18 PDT,NA,2016-06-16 14:29:03 PDT,0:01:45,B27226,384430,385776,N,1346,7.277517206,NA,NA,NA,no,TAX,NA,Technician,NA
QPK751,7.277517206,250,0.03,<1,Arthropoda,Maxillopoda,Poecilostomatoida,Corycaeidae,Corycaeus,NA,Other,Corycaeus,Corycaeus,Corycaeus,NA,NA,<2,33,1100,151.15,Andrea Le,14:27:00,945.6,129.9344231,NA,2016-06-16_D07_1,1,formalin,NA,NA,2016-06-16,D07,1,H,0,50.191383,-125.143884,2016-06-16 14:27:18 PDT,NA,2016-06-16 14:29:03 PDT,0:01:45,B27226,384430,385776,N,1346,7.277517206,NA,NA,NA,no,TAX,NA,Technician,NA
QPK751,7.277517206,2000,1,5 to 10,Ctenophora,NA,NA,NA,NA,NA,Other,Ctenophora,Ctenophora,Ctenophore,NA,NA,8,1,1,0.14,Andrea Le,14:27:00,853.5,117.2790082,gelatinous,2016-06-16_D07_1,1,formalin,NA,NA,2016-06-16,D07,1,H,0,50.191383,-125.143884,2016-06-16 14:27:18 PDT,NA,2016-06-16 14:29:03 PDT,0:01:45,B27226,384430,385776,N,1346,7.277517206,NA,NA,NA,no,TAX,NA,Technician,NA
QPK751,7.277517206,1000,1,2 to 5,Ctenophora,NA,NA,NA,NA,NA,Other,Ctenophora,Ctenophora,Ctenophore,NA,NA,4.2,1,1,0.14,Andrea Le,14:27:00,6.4,0.8794208,NA,2016-06-16_D07_1,1,formalin,NA,NA,2016-06-16,D07,1,H,0,50.191383,-125.143884,2016-06-16 14:27:18 PDT,NA,2016-06-16 14:29:03 PDT,0:01:45,B27226,384430,385776,N,1346,7.277517206,NA,NA,NA,no,TAX,NA,Technician,NA
QPK751,7.277517206,250,0.03,<1,Arthropoda,Maxillopoda,NA,NA,NA,NA,Barnacle,Barnacle,Barnacle,Cyprid,NA,NA,<2,4,133,18.32,Andrea Le,14:27:00,945.6,129.9344231,NA,2016-06-16_D07_1,1,formalin,NA,NA,2016-06-16,D07,1,H,0,50.191383,-125.143884,2016-06-16 14:27:18 PDT,NA,2016-06-16 14:29:03 PDT,0:01:45,B27226,384430,385776,N,1346,7.277517206,NA,NA,NA,no,TAX,NA,Technician,NA
QPK751,7.277517206,1000,1,1 to 2,Chordata,Actinopterygii,NA,NA,NA,NA,Other,Actinopterygii,Actinopterygii,Egg (fish),NA,NA,<2,1,1,0.14,Andrea Le,14:27:00,6.4,0.8794208,NA,2016-06-16_D07_1,1,formalin,NA,NA,2016-06-16,D07,1,H,0,50.191383,-125.143884,2016-06-16 14:27:18 PDT,NA,2016-06-16 14:29:03 PDT,0:01:45,B27226,384430,385776,N,1346,7.277517206,NA,NA,NA,no,TAX,NA,Technician,NA
QPK751,7.277517206,250,0.03,<1,NA,NA,NA,NA,NA,NA,Other,Other,Other,Egg (oily),NA,NA,<2,4,133,18.32,Andrea Le,14:27:00,945.6,129.9344231,NA,2016-06-16_D07_1,1,formalin,NA,NA,2016-06-16,D07,1,H,0,50.191383,-125.143884,2016-06-16 14:27:18 PDT,NA,2016-06-16 14:29:03 PDT,0:01:45,B27226,384430,385776,N,1346,7.277517206,NA,NA,NA,no,TAX,NA,Technician,NA
QPK751,7.277517206,250,0.03,<1,Arthropoda,Branchiopoda,Diplostraca,Podonidae,Evadne,NA,Cladoceran,Evadne,Evadne,Evadne,NA,NA,<2,10,333,45.8,Andrea Le,14:27:00,945.6,129.9344231,NA,2016-06-16_D07_1,1,formalin,NA,NA,2016-06-16,D07,1,H,0,50.191383,-125.143884,2016-06-16 14:27:18 PDT,NA,2016-06-16 14:29:03 PDT,0:01:45,B27226,384430,385776,N,1346,7.277517206,NA,NA,NA,no,TAX,NA,Technician,NA
QPK751,7.277517206,250,0.03,<1,Mollusca,Gastropoda,NA,NA,NA,NA,Other,Gastropoda,Gastropoda,Gastropod egg,NA,NA,<2,4,133,18.32,Andrea Le,14:27:00,945.6,129.9344231,NA,2016-06-16_D07_1,1,formalin,NA,NA,2016-06-16,D07,1,H,0,50.191383,-125.143884,2016-06-16 14:27:18 PDT,NA,2016-06-16 14:29:03 PDT,0:01:45,B27226,384430,385776,N,1346,7.277517206,NA,NA,NA,no,TAX,NA,Technician,NA
QPK751,7.277517206,250,0.03,<1,Cnidaria,Hydrozoa,NA,NA,NA,NA,Other,Hydrozoa,Hydrozoa,Hydromedusae,NA,NA,<2,6,200,27.48,Andrea Le,14:27:00,945.6,129.9344231,NA,2016-06-16_D07_1,1,formalin,NA,NA,2016-06-16,D07,1,H,0,50.191383,-125.143884,2016-06-16 14:27:18 PDT,NA,2016-06-16 14:29:03 PDT,0:01:45,B27226,384430,385776,N,1346,7.277517206,NA,NA,NA,no,TAX,NA,Technician,NA
QPK751,7.277517206,250,0.03,2 to 5,Chordata,Appendicularia,Copelata,Oikopleuridae,Oikopleura,NA,Larvacean,Larvacean,Larvacean,Oikopleura,NA,NA,<2,51,1700,233.6,Andrea Le,14:27:00,945.6,129.9344231,NA,2016-06-16_D07_1,1,formalin,NA,NA,2016-06-16,D07,1,H,0,50.191383,-125.143884,2016-06-16 14:27:18 PDT,NA,2016-06-16 14:29:03 PDT,0:01:45,B27226,384430,385776,N,1346,7.277517206,NA,NA,NA,no,TAX,NA,Technician,NA
QPK751,7.277517206,250,0.03,<1,Arthropoda,Maxillipoda,Calanoida,Paracalanidae,Paracalanus,NA,Calanoid copepod,Paracalanus,Paracalanus,Paracalanus,NA,NA,<2,144,4800,659.57,Andrea Le,14:27:00,945.6,129.9344231,NA,2016-06-16_D07_1,1,formalin,NA,NA,2016-06-16,D07,1,H,0,50.191383,-125.143884,2016-06-16 14:27:18 PDT,NA,2016-06-16 14:29:03 PDT,0:01:45,B27226,384430,385776,N,1346,7.277517206,NA,NA,NA,no,TAX,NA,Technician,NA
QPK751,7.277517206,250,0.03,<1,Arthropoda,Branchiopoda,Diplostraca,Podonidae,Podon,NA,Cladoceran,Podon,Podon,Podon,NA,NA,<2,3,100,13.74,Andrea Le,14:27:00,945.6,129.9344231,NA,2016-06-16_D07_1,1,formalin,NA,NA,2016-06-16,D07,1,H,0,50.191383,-125.143884,2016-06-16 14:27:18 PDT,NA,2016-06-16 14:29:03 PDT,0:01:45,B27226,384430,385776,N,1346,7.277517206,NA,NA,NA,no,TAX,NA,Technician,NA
JSPK1118,NA,2000,1,1 to 2,Arthropoda,Maxillopoda,Calanoida,Calanidae,Calanus,marshallae,TBD,TBD,TBD,Calanus marshallae,NA,NA,<2,1,1,0.050791155,Jihyun Kim,NA,NA,NA,NA,2016-06-09_J02_1,1,formalin,NA,NA,2016-06-09,J02,1,H,0,50.602143,-126.701418,2016-06-09 17:17:51 PDT,NA,2016-06-09 17:20:20 PDT,0:02:29,B27225,647476,650902,N,3426,19.68846728,NA,NA,NA,no,TAX,NA,Technician,NA
JSPK1118,NA,2000,1,2 to 5,Arthropoda,Malacostraca,Decapoda,Cancridae,NA,NA,TBD,TBD,TBD,Cancridae megalopa,NA,NA,5.1,2,2,0.101582311,Jihyun Kim,NA,NA,NA,NA,2016-06-09_J02_1,1,formalin,NA,NA,2016-06-09,J02,1,H,0,50.602143,-126.701418,2016-06-09 17:17:51 PDT,NA,2016-06-09 17:20:20 PDT,0:02:29,B27225,647476,650902,N,3426,19.68846728,NA,NA,NA,no,TAX,NA,Technician,NA
JSPK1118,NA,2000,1,2 to 5,Arthropoda,Malacostraca,Decapoda,Cancridae,NA,NA,TBD,TBD,TBD,Cancridae zoea,zoea,NA,<2,9,9,0.457120398,Jihyun Kim,NA,NA,NA,NA,2016-06-09_J02_1,1,formalin,NA,NA,2016-06-09,J02,1,H,0,50.602143,-126.701418,2016-06-09 17:17:51 PDT,NA,2016-06-09 17:20:20 PDT,0:02:29,B27225,647476,650902,N,3426,19.68846728,NA,NA,NA,no,TAX,NA,Technician,NA
JSPK1118,NA,2000,1,1 to 2,Arthropoda,Maxillipoda,Calanoida,Centropagidae,Centropages,abdominalis,TBD,TBD,TBD,Centropages abdominalis,NA,NA,<2,1,1,0.050791155,Jihyun Kim,NA,NA,NA,NA,2016-06-09_J02_1,1,formalin,NA,NA,2016-06-09,J02,1,H,0,50.602143,-126.701418,2016-06-09 17:17:51 PDT,NA,2016-06-09 17:20:20 PDT,0:02:29,B27225,647476,650902,N,3426,19.68846728,NA,NA,NA,no,TAX,NA,Technician,NA
JSPK1118,NA,2000,1,>10,Chaetognatha,NA,NA,NA,NA,NA,TBD,TBD,TBD,Chaetognath,NA,NA,19.8,5,5,0.253955777,Jihyun Kim,NA,NA,NA,NA,2016-06-09_J02_1,1,formalin,NA,NA,2016-06-09,J02,1,H,0,50.602143,-126.701418,2016-06-09 17:17:51 PDT,NA,2016-06-09 17:20:20 PDT,0:02:29,B27225,647476,650902,N,3426,19.68846728,NA,NA,NA,no,TAX,NA,Technician,NA
JSPK1118,NA,2000,1,2 to 5,Cnidaria,Hydrozoa,Leptothecata,Campanulariidae,Clytia,NA,TBD,TBD,TBD,Clytia,NA,NA,<2,1,1,0.050791155,Jihyun Kim,NA,NA,NA,NA,2016-06-09_J02_1,1,formalin,NA,NA,2016-06-09,J02,1,H,0,50.602143,-126.701418,2016-06-09 17:17:51 PDT,NA,2016-06-09 17:20:20 PDT,0:02:29,B27225,647476,650902,N,3426,19.68846728,NA,NA,NA,no,TAX,NA,Technician,NA
JSPK1118,NA,2000,1,1 to 2,Arthropoda,Maxillopoda,Cyclopoida,Corycaeidae,Corycaeus,NA,TBD,TBD,TBD,Corycaeus,NA,NA,<2,61,61,3.098260476,Jihyun Kim,NA,NA,NA,NA,2016-06-09_J02_1,1,formalin,NA,NA,2016-06-09,J02,1,H,0,50.602143,-126.701418,2016-06-09 17:17:51 PDT,NA,2016-06-09 17:20:20 PDT,0:02:29,B27225,647476,650902,N,3426,19.68846728,NA,NA,NA,no,TAX,NA,Technician,NA
JSPK1118,NA,2000,1,2 to 5,Ochrophyta,Bacillariophyceae,Fragilariales,Fragilariaceae,Ctenophora,NA,TBD,TBD,TBD,Ctenophore,NA,NA,4.95,2,2,0.101582311,Jihyun Kim,NA,NA,NA,NA,2016-06-09_J02_1,1,formalin,NA,NA,2016-06-09,J02,1,H,0,50.602143,-126.701418,2016-06-09 17:17:51 PDT,NA,2016-06-09 17:20:20 PDT,0:02:29,B27225,647476,650902,N,3426,19.68846728,NA,NA,NA,no,TAX,NA,Technician,NA
JSPK1118,NA,2000,1,2 to 5,Arthropoda,Hexanauplia,Calanoida,Pontellidae,Epilabidocera,longipedata,TBD,TBD,TBD,Epilabidocera longipedata,NA,NA,3.566666667,3,3,0.152373466,Jihyun Kim,NA,NA,NA,NA,2016-06-09_J02_1,1,formalin,NA,NA,2016-06-09,J02,1,H,0,50.602143,-126.701418,2016-06-09 17:17:51 PDT,NA,2016-06-09 17:20:20 PDT,0:02:29,B27225,647476,650902,N,3426,19.68846728,NA,NA,NA,no,TAX,NA,Technician,NA
JSPK1118,NA,2000,1,2 to 5,Arthropoda,Malacostraca,Decapoda,Pinnotheridae,NA,NA,TBD,TBD,TBD,Pinnotheridae,zoea,NA,<2,3,3,0.152373466,Jihyun Kim,NA,NA,NA,NA,2016-06-09_J02_1,1,formalin,NA,NA,2016-06-09,J02,1,H,0,50.602143,-126.701418,2016-06-09 17:17:51 PDT,NA,2016-06-09 17:20:20 PDT,0:02:29,B27225,647476,650902,N,3426,19.68846728,NA,NA,NA,no,TAX,NA,Technician,NA
JSPK1118,NA,2000,1,>10,Chordata,Actinopterygii,Pleuronectiformes,Pleuronectidae,NA,NA,TBD,TBD,TBD,Pleuronectidae (fish),larvae,NA,15.8,1,1,0.050791155,Jihyun Kim,NA,NA,NA,NA,2016-06-09_J02_1,1,formalin,NA,NA,2016-06-09,J02,1,H,0,50.602143,-126.701418,2016-06-09 17:17:51 PDT,NA,2016-06-09 17:20:20 PDT,0:02:29,B27225,647476,650902,N,3426,19.68846728,NA,NA,NA,no,TAX,NA,Technician,NA
JSPK1118,NA,2000,1,1 to 2,Cnidaria,Hydrozoa,Siphonophora,NA,NA,NA,TBD,TBD,TBD,Siphonophore,NA,NA,<2,1,1,0.050791155,Jihyun Kim,NA,NA,NA,NA,2016-06-09_J02_1,1,formalin,NA,NA,2016-06-09,J02,1,H,0,50.602143,-126.701418,2016-06-09 17:17:51 PDT,NA,2016-06-09 17:20:20 PDT,0:02:29,B27225,647476,650902,N,3426,19.68846728,NA,NA,NA,no,TAX,NA,Technician,NA
JSPK1118,NA,2000,1,1 to 2,Arthropoda,Hexanauplia,Calanoida,Tortanidae,Tortanus,NA,TBD,TBD,TBD,Tortanus,NA,NA,<2,6,6,0.304746932,Jihyun Kim,NA,NA,NA,NA,2016-06-09_J02_1,1,formalin,NA,NA,2016-06-09,J02,1,H,0,50.602143,-126.701418,2016-06-09 17:17:51 PDT,NA,2016-06-09 17:20:20 PDT,0:02:29,B27225,647476,650902,N,3426,19.68846728,NA,NA,NA,no,TAX,NA,Technician,NA
JSPK1118,NA,1000,0.5,2 to 5,Arthropoda,Maxillopoda,Calanoida,Calanidae,Calanus,marshallae,TBD,TBD,TBD,Calanus marshallae,NA,NA,<2,128,256,13.00253577,Jihyun Kim,NA,NA,NA,NA,2016-06-09_J02_1,1,formalin,NA,NA,2016-06-09,J02,1,H,0,50.602143,-126.701418,2016-06-09 17:17:51 PDT,NA,2016-06-09 17:20:20 PDT,0:02:29,B27225,647476,650902,N,3426,19.68846728,NA,NA,NA,no,TAX,NA,Technician,NA
JSPK1118,NA,1000,0.5,2 to 5,Arthropoda,Maxillopoda,Calanoida,Calanidae,Calanus,pacificus,TBD,TBD,TBD,Calanus pacificus,NA,NA,<2,96,192,9.751901825,Jihyun Kim,NA,NA,NA,NA,2016-06-09_J02_1,1,formalin,NA,NA,2016-06-09,J02,1,H,0,50.602143,-126.701418,2016-06-09 17:17:51 PDT,NA,2016-06-09 17:20:20 PDT,0:02:29,B27225,647476,650902,N,3426,19.68846728,NA,NA,NA,no,TAX,NA,Technician,NA
JSPK1118,NA,1000,0.5,2 to 5,Arthropoda,Malacostraca,Decapoda,Cancridae,NA,NA,TBD,TBD,TBD,Cancridae megalopa,NA,NA,4.1,1,2,0.101582311,Jihyun Kim,NA,NA,NA,NA,2016-06-09_J02_1,1,formalin,NA,NA,2016-06-09,J02,1,H,0,50.602143,-126.701418,2016-06-09 17:17:51 PDT,NA,2016-06-09 17:20:20 PDT,0:02:29,B27225,647476,650902,N,3426,19.68846728,NA,NA,NA,no,TAX,NA,Technician,NA
JSPK1118,NA,1000,0.5,2 to 5,Arthropoda,Malacostraca,Decapoda,Cancridae,NA,NA,TBD,TBD,TBD,Cancridae zoea,NA,NA,<2,11,22,1.117405417,Jihyun Kim,NA,NA,NA,NA,2016-06-09_J02_1,1,formalin,NA,NA,2016-06-09,J02,1,H,0,50.602143,-126.701418,2016-06-09 17:17:51 PDT,NA,2016-06-09 17:20:20 PDT,0:02:29,B27225,647476,650902,N,3426,19.68846728,NA,NA,NA,no,TAX,NA,Technician,NA
JSPK1118,NA,1000,0.5,2 to 5,Arthropoda,Maxillipoda,Calanoida,Centropagidae,Centropages,abdominalis,TBD,TBD,TBD,Centropages abdominalis,NA,NA,<2,1,2,0.101582311,Jihyun Kim,NA,NA,NA,NA,2016-06-09_J02_1,1,formalin,NA,NA,2016-06-09,J02,1,H,0,50.602143,-126.701418,2016-06-09 17:17:51 PDT,NA,2016-06-09 17:20:20 PDT,0:02:29,B27225,647476,650902,N,3426,19.68846728,NA,NA,NA,no,TAX,NA,Technician,NA
JSPK1118,NA,1000,0.5,>10,Chaetognatha,NA,NA,NA,NA,NA,TBD,TBD,TBD,chaetognath,NA,NA,23,1,2,0.101582311,Jihyun Kim,NA,NA,NA,NA,2016-06-09_J02_1,1,formalin,NA,NA,2016-06-09,J02,1,H,0,50.602143,-126.701418,2016-06-09 17:17:51 PDT,NA,2016-06-09 17:20:20 PDT,0:02:29,B27225,647476,650902,N,3426,19.68846728,NA,NA,NA,no,TAX,NA,Technician,NA
JSPK1118,NA,1000,0.5,2 to 5,Arthropoda,Hexanauplia,Calanoida,Pontellidae,Epilabidocera,longipedata,TBD,TBD,TBD,Epilabidocera longipedata,NA,NA,<2,61,122,6.196520951,Jihyun Kim,NA,NA,NA,NA,2016-06-09_J02_1,1,formalin,NA,NA,2016-06-09,J02,1,H,0,50.602143,-126.701418,2016-06-09 17:17:51 PDT,NA,2016-06-09 17:20:20 PDT,0:02:29,B27225,647476,650902,N,3426,19.68846728,NA,NA,NA,no,TAX,NA,Technician,NA
JSPK1118,NA,1000,0.5,2 to 5,Arthropoda,Malacostraca,Euphausiacea,Euphausiidae,NA,NA,TBD,TBD,TBD,Euphausiid furcilia larvae,NA,NA,<2,4,8,0.406329243,Jihyun Kim,NA,NA,NA,NA,2016-06-09_J02_1,1,formalin,NA,NA,2016-06-09,J02,1,H,0,50.602143,-126.701418,2016-06-09 17:17:51 PDT,NA,2016-06-09 17:20:20 PDT,0:02:29,B27225,647476,650902,N,3426,19.68846728,NA,NA,NA,no,TAX,NA,Technician,NA
JSPK1118,NA,1000,0.5,2 to 5,Arthropoda,Malacostraca,Decapoda,Pinnotheridae,Fabia,subquadrata,TBD,TBD,TBD,Fabia subquadrata zoea,zoea,NA,<2,1,2,0.101582311,Jihyun Kim,NA,NA,NA,NA,2016-06-09_J02_1,1,formalin,NA,NA,2016-06-09,J02,1,H,0,50.602143,-126.701418,2016-06-09 17:17:51 PDT,NA,2016-06-09 17:20:20 PDT,0:02:29,B27225,647476,650902,N,3426,19.68846728,NA,NA,NA,no,TAX,NA,Technician,NA
JSPK1118,NA,1000,0.5,1 to 2,Arthropoda,Hexanauplia,Calanoida,Tortanidae,Tortanus,NA,TBD,TBD,TBD,Tortanus,NA,NA,<2,11,22,1.117405417,Jihyun Kim,NA,NA,NA,NA,2016-06-09_J02_1,1,formalin,NA,NA,2016-06-09,J02,1,H,0,50.602143,-126.701418,2016-06-09 17:17:51 PDT,NA,2016-06-09 17:20:20 PDT,0:02:29,B27225,647476,650902,N,3426,19.68846728,NA,NA,NA,no,TAX,NA,Technician,NA
JSPK1118,NA,250,0.03,1 to 2,Arthropoda,Maxillopoda,Calanoida,Acartiidae,Acartia,NA,TBD,TBD,TBD,Acartia,NA,NA,<2,45,1500,76.18673301,Jihyun Kim,NA,NA,NA,NA,2016-06-09_J02_1,1,formalin,NA,NA,2016-06-09,J02,1,H,0,50.602143,-126.701418,2016-06-09 17:17:51 PDT,NA,2016-06-09 17:20:20 PDT,0:02:29,B27225,647476,650902,N,3426,19.68846728,NA,NA,NA,no,TAX,NA,Technician,NA
JSPK1118,NA,250,0.03,1 to 2,Arthropoda,Hexanauplia,Calanoida,Aetideidae,Aetidius,diveregns,TBD,TBD,TBD,Aetidius divergens,NA,NA,<2,1,33.33333333,1.693038511,Jihyun Kim,NA,NA,NA,NA,2016-06-09_J02_1,1,formalin,NA,NA,2016-06-09,J02,1,H,0,50.602143,-126.701418,2016-06-09 17:17:51 PDT,NA,2016-06-09 17:20:20 PDT,0:02:29,B27225,647476,650902,N,3426,19.68846728,NA,NA,NA,no,TAX,NA,Technician,NA
JSPK1118,NA,250,0.03,<1,Arthropoda,Maxillopoda,NA,NA,NA,NA,TBD,TBD,TBD,Barnacle nauplius,nauplius,NA,<2,6,200,10.15823107,Jihyun Kim,NA,NA,NA,NA,2016-06-09_J02_1,1,formalin,NA,NA,2016-06-09,J02,1,H,0,50.602143,-126.701418,2016-06-09 17:17:51 PDT,NA,2016-06-09 17:20:20 PDT,0:02:29,B27225,647476,650902,N,3426,19.68846728,NA,NA,NA,no,TAX,NA,Technician,NA
JSPK1118,NA,250,0.03,1 to 2,Arthropoda,Maxillopoda,Calanoida,Calanidae,Calanus,NA,TBD,TBD,TBD,Calanus copedite,NA,NA,<2,17,566.6666667,28.78165469,Jihyun Kim,NA,NA,NA,NA,2016-06-09_J02_1,1,formalin,NA,NA,2016-06-09,J02,1,H,0,50.602143,-126.701418,2016-06-09 17:17:51 PDT,NA,2016-06-09 17:20:20 PDT,0:02:29,B27225,647476,650902,N,3426,19.68846728,NA,NA,NA,no,TAX,NA,Technician,NA
JSPK1118,NA,250,0.03,1 to 2,Arthropoda,Maxillopoda,Calanoida,Calanidae,Calanus,pacificus,TBD,TBD,TBD,Calanus pacificus,NA,NA,<2,7,233.3333333,11.85126958,Jihyun Kim,NA,NA,NA,NA,2016-06-09_J02_1,1,formalin,NA,NA,2016-06-09,J02,1,H,0,50.602143,-126.701418,2016-06-09 17:17:51 PDT,NA,2016-06-09 17:20:20 PDT,0:02:29,B27225,647476,650902,N,3426,19.68846728,NA,NA,NA,no,TAX,NA,Technician,NA
JSPK1118,NA,250,0.03,1 to 2,Arthropoda,Maxillipoda,Calanoida,Centropagidae,Centropages,abdominalis,TBD,TBD,TBD,Centropages abdominalis,NA,NA,<2,7,233.3333333,11.85126958,Jihyun Kim,NA,NA,NA,NA,2016-06-09_J02_1,1,formalin,NA,NA,2016-06-09,J02,1,H,0,50.602143,-126.701418,2016-06-09 17:17:51 PDT,NA,2016-06-09 17:20:20 PDT,0:02:29,B27225,647476,650902,N,3426,19.68846728,NA,NA,NA,no,TAX,NA,Technician,NA
JSPK1118,NA,250,0.03,1 to 2,Arthropoda,Maxillipoda,Calanoida,NA,NA,NA,TBD,TBD,TBD,Copepodite,C3,NA,<2,3,100,5.079115534,Jihyun Kim,NA,NA,NA,NA,2016-06-09_J02_1,1,formalin,NA,NA,2016-06-09,J02,1,H,0,50.602143,-126.701418,2016-06-09 17:17:51 PDT,NA,2016-06-09 17:20:20 PDT,0:02:29,B27225,647476,650902,N,3426,19.68846728,NA,NA,NA,no,TAX,NA,Technician,NA
JSPK1118,NA,250,0.03,1 to 2,Arthropoda,Maxillipoda,Calanoida,NA,NA,NA,TBD,TBD,TBD,Copepodite,C2,NA,<2,3,100,5.079115534,Jihyun Kim,NA,NA,NA,NA,2016-06-09_J02_1,1,formalin,NA,NA,2016-06-09,J02,1,H,0,50.602143,-126.701418,2016-06-09 17:17:51 PDT,NA,2016-06-09 17:20:20 PDT,0:02:29,B27225,647476,650902,N,3426,19.68846728,NA,NA,NA,no,TAX,NA,Technician,NA
JSPK1118,NA,250,0.03,1 to 2,Arthropoda,Maxillopoda,Cyclopoida,Corycaeidae,Corycaeus,NA,TBD,TBD,TBD,Corycaeus,NA,NA,<2,212,7066.666667,358.9241644,Jihyun Kim,NA,NA,NA,NA,2016-06-09_J02_1,1,formalin,NA,NA,2016-06-09,J02,1,H,0,50.602143,-126.701418,2016-06-09 17:17:51 PDT,NA,2016-06-09 17:20:20 PDT,0:02:29,B27225,647476,650902,N,3426,19.68846728,NA,NA,NA,no,TAX,NA,Technician,NA
JSPK1118,NA,250,0.03,1 to 2,Arthropoda,Maxillopoda,NA,NA,NA,NA,TBD,TBD,TBD,Cyprid,NA,NA,<2,1,33.33333333,1.693038511,Jihyun Kim,NA,NA,NA,NA,2016-06-09_J02_1,1,formalin,NA,NA,2016-06-09,J02,1,H,0,50.602143,-126.701418,2016-06-09 17:17:51 PDT,NA,2016-06-09 17:20:20 PDT,0:02:29,B27225,647476,650902,N,3426,19.68846728,NA,NA,NA,no,TAX,NA,Technician,NA
JSPK1118,NA,250,0.03,<1,NA,NA,NA,NA,NA,NA,TBD,TBD,TBD,Egg (oily),NA,NA,0.4,5,166.6666667,8.465192558,Jihyun Kim,NA,NA,NA,NA,2016-06-09_J02_1,1,formalin,NA,NA,2016-06-09,J02,1,H,0,50.602143,-126.701418,2016-06-09 17:17:51 PDT,NA,2016-06-09 17:20:20 PDT,0:02:29,B27225,647476,650902,N,3426,19.68846728,NA,NA,NA,no,TAX,NA,Technician,NA
JSPK1118,NA,250,0.03,1 to 2,Arthropoda,Hexanauplia,Calanoida,Pontellidae,Epilabidocera,longipedata,TBD,TBD,TBD,Epilabidocera longipedata,NA,NA,<2,1,33.33333333,1.693038511,Jihyun Kim,NA,NA,NA,NA,2016-06-09_J02_1,1,formalin,NA,NA,2016-06-09,J02,1,H,0,50.602143,-126.701418,2016-06-09 17:17:51 PDT,NA,2016-06-09 17:20:20 PDT,0:02:29,B27225,647476,650902,N,3426,19.68846728,NA,NA,NA,no,TAX,NA,Technician,NA
JSPK1118,NA,250,0.03,1 to 2,Chordata,Appendicularia,Copelata,Oikopleuridae,Oikopleura,NA,TBD,TBD,TBD,Oikopleura,NA,NA,<2,1,33.33333333,1.693038511,Jihyun Kim,NA,NA,NA,NA,2016-06-09_J02_1,1,formalin,NA,NA,2016-06-09,J02,1,H,0,50.602143,-126.701418,2016-06-09 17:17:51 PDT,NA,2016-06-09 17:20:20 PDT,0:02:29,B27225,647476,650902,N,3426,19.68846728,NA,NA,NA,no,TAX,NA,Technician,NA
JSPK1118,NA,250,0.03,1 to 2,Arthropoda,Maxillopoda,Cyclopoida,Oithonidae,Oithona,NA,TBD,TBD,TBD,Oithona,NA,NA,<2,1,33.33333333,1.693038511,Jihyun Kim,NA,NA,NA,NA,2016-06-09_J02_1,1,formalin,NA,NA,2016-06-09,J02,1,H,0,50.602143,-126.701418,2016-06-09 17:17:51 PDT,NA,2016-06-09 17:20:20 PDT,0:02:29,B27225,647476,650902,N,3426,19.68846728,NA,NA,NA,no,TAX,NA,Technician,NA
JSPK1118,NA,250,0.03,1 to 2,Arthropoda,Hexanauplia,Cyclopoida,Oncaeidae,Oncaea,NA,TBD,TBD,TBD,Oncaea,NA,NA,<2,1,33.33333333,1.693038511,Jihyun Kim,NA,NA,NA,NA,2016-06-09_J02_1,1,formalin,NA,NA,2016-06-09,J02,1,H,0,50.602143,-126.701418,2016-06-09 17:17:51 PDT,NA,2016-06-09 17:20:20 PDT,0:02:29,B27225,647476,650902,N,3426,19.68846728,NA,NA,NA,no,TAX,NA,Technician,NA
JSPK1118,NA,250,0.03,1 to 2,Arthropoda,Maxillipoda,Calanoida,Paracalanidae,Paracalanus,NA,TBD,TBD,TBD,Paracalanus,NA,NA,<2,1,33.33333333,1.693038511,Jihyun Kim,NA,NA,NA,NA,2016-06-09_J02_1,1,formalin,NA,NA,2016-06-09,J02,1,H,0,50.602143,-126.701418,2016-06-09 17:17:51 PDT,NA,2016-06-09 17:20:20 PDT,0:02:29,B27225,647476,650902,N,3426,19.68846728,NA,NA,NA,no,TAX,NA,Technician,NA
JSPK1118,NA,250,0.03,1 to 2,Arthropoda,Malacostraca,Decapoda,Pinnotheridae,NA,NA,TBD,TBD,TBD,Pinnotheridae,NA,NA,<2,1,33.33333333,1.693038511,Jihyun Kim,NA,NA,NA,NA,2016-06-09_J02_1,1,formalin,NA,NA,2016-06-09,J02,1,H,0,50.602143,-126.701418,2016-06-09 17:17:51 PDT,NA,2016-06-09 17:20:20 PDT,0:02:29,B27225,647476,650902,N,3426,19.68846728,NA,NA,NA,no,TAX,NA,Technician,NA
JSPK1118,NA,250,0.03,1 to 2,Arthropoda,Branchiopoda,Diplostraca,Podonidae,Podon,NA,TBD,TBD,TBD,Podon,NA,NA,<2,1,33.33333333,1.693038511,Jihyun Kim,NA,NA,NA,NA,2016-06-09_J02_1,1,formalin,NA,NA,2016-06-09,J02,1,H,0,50.602143,-126.701418,2016-06-09 17:17:51 PDT,NA,2016-06-09 17:20:20 PDT,0:02:29,B27225,647476,650902,N,3426,19.68846728,NA,NA,NA,no,TAX,NA,Technician,NA
JSPK1118,NA,250,0.03,<1,Annelida,Polychaeta,NA,NA,NA,NA,TBD,TBD,TBD,Polychaete (spionid nectochaete),NA,NA,<2,1,33.33333333,1.693038511,Jihyun Kim,NA,NA,NA,NA,2016-06-09_J02_1,1,formalin,NA,NA,2016-06-09,J02,1,H,0,50.602143,-126.701418,2016-06-09 17:17:51 PDT,NA,2016-06-09 17:20:20 PDT,0:02:29,B27225,647476,650902,N,3426,19.68846728,NA,NA,NA,no,TAX,NA,Technician,NA
JSPK1118,NA,250,0.03,1 to 2,Arthropoda,Maxillipoda,Calanoida,Clausocalanidae,Pseudocalanus,NA,TBD,TBD,TBD,Pseudocalanus,NA,NA,<2,58,1933.333333,98.19623364,Jihyun Kim,NA,NA,NA,NA,2016-06-09_J02_1,1,formalin,NA,NA,2016-06-09,J02,1,H,0,50.602143,-126.701418,2016-06-09 17:17:51 PDT,NA,2016-06-09 17:20:20 PDT,0:02:29,B27225,647476,650902,N,3426,19.68846728,NA,NA,NA,no,TAX,NA,Technician,NA
JSPK1118,NA,250,0.03,1 to 2,Arthropoda,Hexanauplia,Calanoida,Tortanidae,Tortanus,NA,TBD,TBD,TBD,Tortanus,NA,NA,<2,2,66.66666667,3.386077023,Jihyun Kim,NA,NA,NA,NA,2016-06-09_J02_1,1,formalin,NA,NA,2016-06-09,J02,1,H,0,50.602143,-126.701418,2016-06-09 17:17:51 PDT,NA,2016-06-09 17:20:20 PDT,0:02:29,B27225,647476,650902,N,3426,19.68846728,NA,NA,NA,no,TAX,NA,Technician,NA
JSPK1122,15.57725081,2000,1,5 to 10,Cnidaria,Hydrozoa,Trachymedusae,Rhopalonematidae,Aglantha,digitale,TBD,TBD,TBD,Aglantha digitale,NA,NA,6.5,1,1,0.06419618,Andrea Le,NA,121.4,7.793416276,gelatinous,2016-06-10_J08_1,1,formalin,NA,NA,2016-06-10,J08,1,H,0,50.480078,-126.415153,2016-06-10 14:52:21 PDT,NA,2016-06-10 14:54:22 PDT,0:02:01,B27225,657970,660673,N,2703,15.57725081,NA,NA,NA,no,TAX,NA,Technician,NA
JSPK1122,15.57725081,2000,1,5 to 10,Cnidaria,Hydrozoa,Trachymedusae,Rhopalonematidae,Aglantha,digitale,TBD,TBD,TBD,Aglantha digitale,NA,NA,6.5,1,1,0.06419618,Andrea Le,NA,46.2,2.965863525,non-gelatinous,2016-06-10_J08_1,1,formalin,NA,NA,2016-06-10,J08,1,H,0,50.480078,-126.415153,2016-06-10 14:52:21 PDT,NA,2016-06-10 14:54:22 PDT,0:02:01,B27225,657970,660673,N,2703,15.57725081,NA,NA,NA,no,TAX,NA,Technician,NA
JSPK1122,15.57725081,2000,1,2 to 5,Arthropoda,Malacostraca,Decapoda,Cancridae,NA,NA,TBD,TBD,TBD,Cancridae,NA,NA,4.5,1,1,0.06419618,Andrea Le,NA,121.4,7.793416276,gelatinous,2016-06-10_J08_1,1,formalin,NA,NA,2016-06-10,J08,1,H,0,50.480078,-126.415153,2016-06-10 14:52:21 PDT,NA,2016-06-10 14:54:22 PDT,0:02:01,B27225,657970,660673,N,2703,15.57725081,NA,NA,NA,no,TAX,NA,Technician,NA
JSPK1122,15.57725081,2000,1,2 to 5,Arthropoda,Malacostraca,Decapoda,Cancridae,NA,NA,TBD,TBD,TBD,Cancridae,NA,NA,4.5,1,1,0.06419618,Andrea Le,NA,46.2,2.965863525,non-gelatinous,2016-06-10_J08_1,1,formalin,NA,NA,2016-06-10,J08,1,H,0,50.480078,-126.415153,2016-06-10 14:52:21 PDT,NA,2016-06-10 14:54:22 PDT,0:02:01,B27225,657970,660673,N,2703,15.57725081,NA,NA,NA,no,TAX,NA,Technician,NA
JSPK1122,15.57725081,2000,1,>10,Cnidaria,Hydrozoa,Leptothecata,Campanulariidae,Clytia,NA,TBD,TBD,TBD,Clytia,NA,NA,13,1,1,0.06419618,Andrea Le,NA,121.4,7.793416276,gelatinous,2016-06-10_J08_1,1,formalin,NA,NA,2016-06-10,J08,1,H,0,50.480078,-126.415153,2016-06-10 14:52:21 PDT,NA,2016-06-10 14:54:22 PDT,0:02:01,B27225,657970,660673,N,2703,15.57725081,NA,NA,NA,no,TAX,NA,Technician,NA
JSPK1122,15.57725081,2000,1,>10,Cnidaria,Hydrozoa,Leptothecata,Campanulariidae,Clytia,NA,TBD,TBD,TBD,Clytia,NA,NA,13,1,1,0.06419618,Andrea Le,NA,46.2,2.965863525,non-gelatinous,2016-06-10_J08_1,1,formalin,NA,NA,2016-06-10,J08,1,H,0,50.480078,-126.415153,2016-06-10 14:52:21 PDT,NA,2016-06-10 14:54:22 PDT,0:02:01,B27225,657970,660673,N,2703,15.57725081,NA,NA,NA,no,TAX,NA,Technician,NA
JSPK1122,15.57725081,2000,1,2 to 5,Arthropoda,Malacostraca,Decapoda,Pinnotheridae,NA,NA,TBD,TBD,TBD,Pinnotheridae,NA,NA,4.25,6,6,0.385177081,Andrea Le,NA,121.4,7.793416276,gelatinous,2016-06-10_J08_1,1,formalin,NA,NA,2016-06-10,J08,1,H,0,50.480078,-126.415153,2016-06-10 14:52:21 PDT,NA,2016-06-10 14:54:22 PDT,0:02:01,B27225,657970,660673,N,2703,15.57725081,NA,NA,NA,no,TAX,NA,Technician,NA
JSPK1122,15.57725081,2000,1,2 to 5,Arthropoda,Malacostraca,Decapoda,Pinnotheridae,NA,NA,TBD,TBD,TBD,Pinnotheridae,NA,NA,4.25,6,6,0.385177081,Andrea Le,NA,46.2,2.965863525,non-gelatinous,2016-06-10_J08_1,1,formalin,NA,NA,2016-06-10,J08,1,H,0,50.480078,-126.415153,2016-06-10 14:52:21 PDT,NA,2016-06-10 14:54:22 PDT,0:02:01,B27225,657970,660673,N,2703,15.57725081,NA,NA,NA,no,TAX,NA,Technician,NA
JSPK1122,15.57725081,2000,1,2 to 5,Cnidaria,Hydrozoa,Anthoathecata,Corynidae,Sarsia,NA,TBD,TBD,TBD,Sarsia,NA,NA,4.8,1,1,0.06419618,Andrea Le,NA,121.4,7.793416276,gelatinous,2016-06-10_J08_1,1,formalin,NA,NA,2016-06-10,J08,1,H,0,50.480078,-126.415153,2016-06-10 14:52:21 PDT,NA,2016-06-10 14:54:22 PDT,0:02:01,B27225,657970,660673,N,2703,15.57725081,NA,NA,NA,no,TAX,NA,Technician,NA
JSPK1122,15.57725081,2000,1,2 to 5,Cnidaria,Hydrozoa,Anthoathecata,Corynidae,Sarsia,NA,TBD,TBD,TBD,Sarsia,NA,NA,4.8,1,1,0.06419618,Andrea Le,NA,46.2,2.965863525,non-gelatinous,2016-06-10_J08_1,1,formalin,NA,NA,2016-06-10,J08,1,H,0,50.480078,-126.415153,2016-06-10 14:52:21 PDT,NA,2016-06-10 14:54:22 PDT,0:02:01,B27225,657970,660673,N,2703,15.57725081,NA,NA,NA,no,TAX,NA,Technician,NA
JSPK1122,15.57725081,1000,1,2 to 5,Arthropoda,Maxillopoda,Calanoida,Calanidae,Calanus,marshallae,TBD,TBD,TBD,Calanus marshallae,NA,NA,3.5,19,19,1.219727424,Andrea Le,NA,140.5,9.019563318,NA,2016-06-10_J08_1,1,formalin,NA,NA,2016-06-10,J08,1,H,0,50.480078,-126.415153,2016-06-10 14:52:21 PDT,NA,2016-06-10 14:54:22 PDT,0:02:01,B27225,657970,660673,N,2703,15.57725081,NA,NA,NA,no,TAX,NA,Technician,NA
JSPK1122,15.57725081,1000,1,2 to 5,Arthropoda,Maxillopoda,Calanoida,Calanidae,Calanus,pacificus,TBD,TBD,TBD,Calanus pacificus,NA,NA,2.7,39,39,2.503651028,Andrea Le,NA,140.5,9.019563318,NA,2016-06-10_J08_1,1,formalin,NA,NA,2016-06-10,J08,1,H,0,50.480078,-126.415153,2016-06-10 14:52:21 PDT,NA,2016-06-10 14:54:22 PDT,0:02:01,B27225,657970,660673,N,2703,15.57725081,NA,NA,NA,no,TAX,NA,Technician,NA
JSPK1122,15.57725081,1000,1,1 to 2,Arthropoda,Maxillipoda,Calanoida,Centropagidae,Centropages,abdominalis,TBD,TBD,TBD,Centropages abdominalis,NA,F,<2,1,1,0.06419618,Andrea Le,NA,140.5,9.019563318,NA,2016-06-10_J08_1,1,formalin,NA,NA,2016-06-10,J08,1,H,0,50.480078,-126.415153,2016-06-10 14:52:21 PDT,NA,2016-06-10 14:54:22 PDT,0:02:01,B27225,657970,660673,N,2703,15.57725081,NA,NA,NA,no,TAX,NA,Technician,NA
JSPK1122,15.57725081,1000,1,2 to 5,Arthropoda,Hexanauplia,Calanoida,Pontellidae,Epilabidocera,longipedata,TBD,TBD,TBD,Epilabidocera longipedata,NA,F,4,1,1,0.06419618,Andrea Le,NA,140.5,9.019563318,NA,2016-06-10_J08_1,1,formalin,NA,NA,2016-06-10,J08,1,H,0,50.480078,-126.415153,2016-06-10 14:52:21 PDT,NA,2016-06-10 14:54:22 PDT,0:02:01,B27225,657970,660673,N,2703,15.57725081,NA,NA,NA,no,TAX,NA,Technician,NA
JSPK1122,15.57725081,1000,1,2 to 5,Arthropoda,Hexanauplia,Calanoida,Pontellidae,Epilabidocera,longipedata,TBD,TBD,TBD,Epilabidocera longipedata,NA,M,3.3,1,1,0.06419618,Andrea Le,NA,140.5,9.019563318,NA,2016-06-10_J08_1,1,formalin,NA,NA,2016-06-10,J08,1,H,0,50.480078,-126.415153,2016-06-10 14:52:21 PDT,NA,2016-06-10 14:54:22 PDT,0:02:01,B27225,657970,660673,N,2703,15.57725081,NA,NA,NA,no,TAX,NA,Technician,NA
JSPK1122,15.57725081,1000,1,2 to 5,Arthropoda,Hexanauplia,Calanoida,Pontellidae,Epilabidocera,longipedata,TBD,TBD,TBD,Epilabidocera longipedata,C5,NA,2.8,1,1,0.06419618,Andrea Le,NA,140.5,9.019563318,NA,2016-06-10_J08_1,1,formalin,NA,NA,2016-06-10,J08,1,H,0,50.480078,-126.415153,2016-06-10 14:52:21 PDT,NA,2016-06-10 14:54:22 PDT,0:02:01,B27225,657970,660673,N,2703,15.57725081,NA,NA,NA,no,TAX,NA,Technician,NA
JSPK1122,15.57725081,1000,1,2 to 5,Cnidaria,Hydrozoa,Leptomedusae,NA,NA,NA,TBD,TBD,TBD,Leuckartiara spp,NA,NA,3.4,3,3,0.192588541,Andrea Le,NA,140.5,9.019563318,NA,2016-06-10_J08_1,1,formalin,NA,NA,2016-06-10,J08,1,H,0,50.480078,-126.415153,2016-06-10 14:52:21 PDT,NA,2016-06-10 14:54:22 PDT,0:02:01,B27225,657970,660673,N,2703,15.57725081,NA,NA,NA,no,TAX,NA,Technician,NA
JSPK1122,15.57725081,1000,1,2 to 5,Arthropoda,Malacostraca,Decapoda,Majidae,NA,NA,TBD,TBD,TBD,Majidae,NA,NA,2.5,2,2,0.12839236,Andrea Le,NA,140.5,9.019563318,NA,2016-06-10_J08_1,1,formalin,NA,NA,2016-06-10,J08,1,H,0,50.480078,-126.415153,2016-06-10 14:52:21 PDT,NA,2016-06-10 14:54:22 PDT,0:02:01,B27225,657970,660673,N,2703,15.57725081,NA,NA,NA,no,TAX,NA,Technician,NA
JSPK1122,15.57725081,1000,1,2 to 5,Arthropoda,Hexanauplia,Calanoida,Metridinidae,Metridia,NA,TBD,TBD,TBD,Metridia,NA,NA,3.2,1,1,0.06419618,Andrea Le,NA,140.5,9.019563318,NA,2016-06-10_J08_1,1,formalin,NA,NA,2016-06-10,J08,1,H,0,50.480078,-126.415153,2016-06-10 14:52:21 PDT,NA,2016-06-10 14:54:22 PDT,0:02:01,B27225,657970,660673,N,2703,15.57725081,NA,NA,NA,no,TAX,NA,Technician,NA
JSPK1122,15.57725081,1000,1,2 to 5,Arthropoda,Malacostraca,Decapoda,Pandalidae,NA,NA,TBD,TBD,TBD,Pandalidae,NA,NA,3.1,1,1,0.06419618,Andrea Le,NA,140.5,9.019563318,NA,2016-06-10_J08_1,1,formalin,NA,NA,2016-06-10,J08,1,H,0,50.480078,-126.415153,2016-06-10 14:52:21 PDT,NA,2016-06-10 14:54:22 PDT,0:02:01,B27225,657970,660673,N,2703,15.57725081,NA,NA,NA,no,TAX,NA,Technician,NA
JSPK1122,15.57725081,1000,1,2 to 5,Arthropoda,Malacostraca,Decapoda,Pinnotheridae,NA,NA,TBD,TBD,TBD,Pinnotheridae,NA,NA,3.9,10,10,0.641961802,Andrea Le,NA,140.5,9.019563318,NA,2016-06-10_J08_1,1,formalin,NA,NA,2016-06-10,J08,1,H,0,50.480078,-126.415153,2016-06-10 14:52:21 PDT,NA,2016-06-10 14:54:22 PDT,0:02:01,B27225,657970,660673,N,2703,15.57725081,NA,NA,NA,no,TAX,NA,Technician,NA
JSPK1122,15.57725081,1000,1,2 to 5,Arthropoda,Malacostraca,Decapoda,Porcellanidae,NA,NA,TBD,TBD,TBD,Porcellanidae,NA,NA,2.5,1,1,0.06419618,Andrea Le,NA,140.5,9.019563318,NA,2016-06-10_J08_1,1,formalin,NA,NA,2016-06-10,J08,1,H,0,50.480078,-126.415153,2016-06-10 14:52:21 PDT,NA,2016-06-10 14:54:22 PDT,0:02:01,B27225,657970,660673,N,2703,15.57725081,NA,NA,NA,no,TAX,NA,Technician,NA
JSPK1122,15.57725081,1000,1,2 to 5,Cnidaria,Hydrozoa,Anthoathecata,Corynidae,Sarsia,NA,TBD,TBD,TBD,Sarsia,NA,NA,2.4,1,1,0.06419618,Andrea Le,NA,140.5,9.019563318,NA,2016-06-10_J08_1,1,formalin,NA,NA,2016-06-10,J08,1,H,0,50.480078,-126.415153,2016-06-10 14:52:21 PDT,NA,2016-06-10 14:54:22 PDT,0:02:01,B27225,657970,660673,N,2703,15.57725081,NA,NA,NA,no,TAX,NA,Technician,NA
JSPK1122,15.57725081,1000,1,2 to 5,Arthropoda,Hexanauplia,Calanoida,Tortanidae,Tortanus,NA,TBD,TBD,TBD,Tortanus,NA,F,2.2,11,11,0.706157982,Andrea Le,NA,140.5,9.019563318,NA,2016-06-10_J08_1,1,formalin,NA,NA,2016-06-10,J08,1,H,0,50.480078,-126.415153,2016-06-10 14:52:21 PDT,NA,2016-06-10 14:54:22 PDT,0:02:01,B27225,657970,660673,N,2703,15.57725081,NA,NA,NA,no,TAX,NA,Technician,NA
JSPK1122,15.57725081,250,0.02,<1,Arthropoda,Maxillopoda,Calanoida,Acartiidae,Acartia,NA,TBD,TBD,TBD,Acartia,NA,NA,<2,129,6450,414.0653623,Andrea Le,NA,1694.2,108.7611685,NA,2016-06-10_J08_1,1,formalin,NA,NA,2016-06-10,J08,1,H,0,50.480078,-126.415153,2016-06-10 14:52:21 PDT,NA,2016-06-10 14:54:22 PDT,0:02:01,B27225,657970,660673,N,2703,15.57725081,NA,NA,NA,no,TAX,NA,Technician,NA
JSPK1122,15.57725081,250,0.02,1 to 2,Cnidaria,Hydrozoa,Trachymedusae,Rhopalonematidae,Aglantha,digitale,TBD,TBD,TBD,Aglantha digitale,NA,NA,<2,1,50,3.20980901,Andrea Le,NA,1694.2,108.7611685,NA,2016-06-10_J08_1,1,formalin,NA,NA,2016-06-10,J08,1,H,0,50.480078,-126.415153,2016-06-10 14:52:21 PDT,NA,2016-06-10 14:54:22 PDT,0:02:01,B27225,657970,660673,N,2703,15.57725081,NA,NA,NA,no,TAX,NA,Technician,NA
JSPK1122,15.57725081,250,0.02,<1,Arthropoda,Maxillopoda,NA,NA,NA,NA,TBD,TBD,TBD,Barnacle nauplius,nauplius,NA,<2,18,900,57.77656218,Andrea Le,NA,1694.2,108.7611685,NA,2016-06-10_J08_1,1,formalin,NA,NA,2016-06-10,J08,1,H,0,50.480078,-126.415153,2016-06-10 14:52:21 PDT,NA,2016-06-10 14:54:22 PDT,0:02:01,B27225,657970,660673,N,2703,15.57725081,NA,NA,NA,no,TAX,NA,Technician,NA
JSPK1122,15.57725081,250,0.02,<1,Bryozoa,NA,NA,NA,NA,NA,TBD,TBD,TBD,Bryozoa,NA,NA,<2,2,100,6.41961802,Andrea Le,NA,1694.2,108.7611685,NA,2016-06-10_J08_1,1,formalin,NA,NA,2016-06-10,J08,1,H,0,50.480078,-126.415153,2016-06-10 14:52:21 PDT,NA,2016-06-10 14:54:22 PDT,0:02:01,B27225,657970,660673,N,2703,15.57725081,NA,NA,NA,no,TAX,NA,Technician,NA
JSPK1122,15.57725081,250,0.02,2 to 5,Arthropoda,Maxillopoda,Calanoida,Calanidae,Calanus,pacificus,TBD,TBD,TBD,Calanus pacificus,NA,NA,2.2,1,50,3.20980901,Andrea Le,NA,1694.2,108.7611685,NA,2016-06-10_J08_1,1,formalin,NA,NA,2016-06-10,J08,1,H,0,50.480078,-126.415153,2016-06-10 14:52:21 PDT,NA,2016-06-10 14:54:22 PDT,0:02:01,B27225,657970,660673,N,2703,15.57725081,NA,NA,NA,no,TAX,NA,Technician,NA
JSPK1122,15.57725081,250,0.02,1 to 2,Arthropoda,Maxillipoda,Calanoida,Centropagidae,Centropages,abdominalis,TBD,TBD,TBD,Centropages abdominalis,C5,NA,<2,1,50,3.20980901,Andrea Le,NA,1694.2,108.7611685,NA,2016-06-10_J08_1,1,formalin,NA,NA,2016-06-10,J08,1,H,0,50.480078,-126.415153,2016-06-10 14:52:21 PDT,NA,2016-06-10 14:54:22 PDT,0:02:01,B27225,657970,660673,N,2703,15.57725081,NA,NA,NA,no,TAX,NA,Technician,NA
JSPK1122,15.57725081,250,0.02,1 to 2,Arthropoda,Maxillipoda,Calanoida,Centropagidae,Centropages,abdominalis,TBD,TBD,TBD,Centropages abdominalis,<C5,NA,<2,3,150,9.62942703,Andrea Le,NA,1694.2,108.7611685,NA,2016-06-10_J08_1,1,formalin,NA,NA,2016-06-10,J08,1,H,0,50.480078,-126.415153,2016-06-10 14:52:21 PDT,NA,2016-06-10 14:54:22 PDT,0:02:01,B27225,657970,660673,N,2703,15.57725081,NA,NA,NA,no,TAX,NA,Technician,NA
JSPK1122,15.57725081,250,0.02,<1,Arthropoda,Maxillipoda,NA,NA,NA,NA,TBD,TBD,TBD,Copepod nauplius,nauplius,NA,<2,6,300,19.25885406,Andrea Le,NA,1694.2,108.7611685,NA,2016-06-10_J08_1,1,formalin,NA,NA,2016-06-10,J08,1,H,0,50.480078,-126.415153,2016-06-10 14:52:21 PDT,NA,2016-06-10 14:54:22 PDT,0:02:01,B27225,657970,660673,N,2703,15.57725081,NA,NA,NA,no,TAX,NA,Technician,NA
JSPK1122,15.57725081,250,0.02,1 to 2,Arthropoda,Maxillipoda,Calanoida,NA,NA,NA,TBD,TBD,TBD,Copepodite,C3,NA,<2,3,150,9.62942703,Andrea Le,NA,1694.2,108.7611685,NA,2016-06-10_J08_1,1,formalin,NA,NA,2016-06-10,J08,1,H,0,50.480078,-126.415153,2016-06-10 14:52:21 PDT,NA,2016-06-10 14:54:22 PDT,0:02:01,B27225,657970,660673,N,2703,15.57725081,NA,NA,NA,no,TAX,NA,Technician,NA
JSPK1122,15.57725081,250,0.02,1 to 2,Arthropoda,Maxillipoda,Calanoida,NA,NA,NA,TBD,TBD,TBD,Copepodite,C2,NA,<2,2,100,6.41961802,Andrea Le,NA,1694.2,108.7611685,NA,2016-06-10_J08_1,1,formalin,NA,NA,2016-06-10,J08,1,H,0,50.480078,-126.415153,2016-06-10 14:52:21 PDT,NA,2016-06-10 14:54:22 PDT,0:02:01,B27225,657970,660673,N,2703,15.57725081,NA,NA,NA,no,TAX,NA,Technician,NA
JSPK1122,15.57725081,250,0.02,1 to 2,Arthropoda,Maxillipoda,Calanoida,NA,NA,NA,TBD,TBD,TBD,Copepodite,C1,NA,<2,4,200,12.83923604,Andrea Le,NA,1694.2,108.7611685,NA,2016-06-10_J08_1,1,formalin,NA,NA,2016-06-10,J08,1,H,0,50.480078,-126.415153,2016-06-10 14:52:21 PDT,NA,2016-06-10 14:54:22 PDT,0:02:01,B27225,657970,660673,N,2703,15.57725081,NA,NA,NA,no,TAX,NA,Technician,NA
JSPK1122,15.57725081,250,0.02,<1,Arthropoda,Maxillopoda,Cyclopoida,Corycaeidae,Corycaeus,NA,TBD,TBD,TBD,Corycaeus,NA,NA,<2,12,600,38.51770812,Andrea Le,NA,1694.2,108.7611685,NA,2016-06-10_J08_1,1,formalin,NA,NA,2016-06-10,J08,1,H,0,50.480078,-126.415153,2016-06-10 14:52:21 PDT,NA,2016-06-10 14:54:22 PDT,0:02:01,B27225,657970,660673,N,2703,15.57725081,NA,NA,NA,no,TAX,NA,Technician,NA
JSPK1122,15.57725081,250,0.02,<1,Arthropoda,Maxillopoda,NA,NA,NA,NA,TBD,TBD,TBD,Cyprid,NA,NA,<2,1,50,3.20980901,Andrea Le,NA,1694.2,108.7611685,NA,2016-06-10_J08_1,1,formalin,NA,NA,2016-06-10,J08,1,H,0,50.480078,-126.415153,2016-06-10 14:52:21 PDT,NA,2016-06-10 14:54:22 PDT,0:02:01,B27225,657970,660673,N,2703,15.57725081,NA,NA,NA,no,TAX,NA,Technician,NA
JSPK1122,15.57725081,250,0.02,<1,Echinodermata,NA,NA,NA,NA,NA,TBD,TBD,TBD,Echinodermata,NA,NA,<2,1,50,3.20980901,Andrea Le,NA,1694.2,108.7611685,NA,2016-06-10_J08_1,1,formalin,NA,NA,2016-06-10,J08,1,H,0,50.480078,-126.415153,2016-06-10 14:52:21 PDT,NA,2016-06-10 14:54:22 PDT,0:02:01,B27225,657970,660673,N,2703,15.57725081,NA,NA,NA,no,TAX,NA,Technician,NA
JSPK1122,15.57725081,250,0.02,<1,NA,NA,NA,NA,NA,NA,TBD,TBD,TBD,Egg (oily),NA,NA,<2,39,1950,125.1825514,Andrea Le,NA,1694.2,108.7611685,NA,2016-06-10_J08_1,1,formalin,NA,NA,2016-06-10,J08,1,H,0,50.480078,-126.415153,2016-06-10 14:52:21 PDT,NA,2016-06-10 14:54:22 PDT,0:02:01,B27225,657970,660673,N,2703,15.57725081,NA,NA,NA,no,TAX,NA,Technician,NA
JSPK1122,15.57725081,250,0.02,1 to 2,Arthropoda,Hexanauplia,Calanoida,Pontellidae,Epilabidocera,longipedata,TBD,TBD,TBD,Epilabidocera longipedata,<C5,NA,<2,1,50,3.20980901,Andrea Le,NA,1694.2,108.7611685,NA,2016-06-10_J08_1,1,formalin,NA,NA,2016-06-10,J08,1,H,0,50.480078,-126.415153,2016-06-10 14:52:21 PDT,NA,2016-06-10 14:54:22 PDT,0:02:01,B27225,657970,660673,N,2703,15.57725081,NA,NA,NA,no,TAX,NA,Technician,NA
JSPK1122,15.57725081,250,0.02,<1,Arthropoda,Malacostraca,Euphausiacea,Euphausiidae,NA,NA,TBD,TBD,TBD,Euphausiid calytopsis,NA,NA,<2,5,250,16.04904505,Andrea Le,NA,1694.2,108.7611685,NA,2016-06-10_J08_1,1,formalin,NA,NA,2016-06-10,J08,1,H,0,50.480078,-126.415153,2016-06-10 14:52:21 PDT,NA,2016-06-10 14:54:22 PDT,0:02:01,B27225,657970,660673,N,2703,15.57725081,NA,NA,NA,no,TAX,NA,Technician,NA
JSPK1122,15.57725081,250,0.02,<1,Arthropoda,Branchiopoda,Diplostraca,Podonidae,Evadne,NA,TBD,TBD,TBD,Evadne,NA,NA,<2,15,750,48.14713515,Andrea Le,NA,1694.2,108.7611685,NA,2016-06-10_J08_1,1,formalin,NA,NA,2016-06-10,J08,1,H,0,50.480078,-126.415153,2016-06-10 14:52:21 PDT,NA,2016-06-10 14:54:22 PDT,0:02:01,B27225,657970,660673,N,2703,15.57725081,NA,NA,NA,no,TAX,NA,Technician,NA
JSPK1122,15.57725081,250,0.02,<1,Mollusca,Gastropoda,NA,NA,NA,NA,TBD,TBD,TBD,Gastropod egg,NA,NA,<2,1,50,3.20980901,Andrea Le,NA,1694.2,108.7611685,NA,2016-06-10_J08_1,1,formalin,NA,NA,2016-06-10,J08,1,H,0,50.480078,-126.415153,2016-06-10 14:52:21 PDT,NA,2016-06-10 14:54:22 PDT,0:02:01,B27225,657970,660673,N,2703,15.57725081,NA,NA,NA,no,TAX,NA,Technician,NA
JSPK1122,15.57725081,250,0.02,1 to 2,Arthropoda,Malacostraca,Decapoda,Majidae,NA,NA,TBD,TBD,TBD,Majidae,NA,NA,<2,2,100,6.41961802,Andrea Le,NA,1694.2,108.7611685,NA,2016-06-10_J08_1,1,formalin,NA,NA,2016-06-10,J08,1,H,0,50.480078,-126.415153,2016-06-10 14:52:21 PDT,NA,2016-06-10 14:54:22 PDT,0:02:01,B27225,657970,660673,N,2703,15.57725081,NA,NA,NA,no,TAX,NA,Technician,NA
JSPK1122,15.57725081,250,0.02,1 to 2,Chordata,Appendicularia,Copelata,Oikopleuridae,Oikopleura,NA,TBD,TBD,TBD,Oikopleura,NA,NA,<2,3,150,9.62942703,Andrea Le,NA,1694.2,108.7611685,NA,2016-06-10_J08_1,1,formalin,NA,NA,2016-06-10,J08,1,H,0,50.480078,-126.415153,2016-06-10 14:52:21 PDT,NA,2016-06-10 14:54:22 PDT,0:02:01,B27225,657970,660673,N,2703,15.57725081,NA,NA,NA,no,TAX,NA,Technician,NA
JSPK1122,15.57725081,250,0.02,<1,Arthropoda,Maxillopoda,Cyclopoida,Oithonidae,Oithona,NA,TBD,TBD,TBD,Oithona,NA,NA,<2,5,250,16.04904505,Andrea Le,NA,1694.2,108.7611685,NA,2016-06-10_J08_1,1,formalin,NA,NA,2016-06-10,J08,1,H,0,50.480078,-126.415153,2016-06-10 14:52:21 PDT,NA,2016-06-10 14:54:22 PDT,0:02:01,B27225,657970,660673,N,2703,15.57725081,NA,NA,NA,no,TAX,NA,Technician,NA
JSPK1122,15.57725081,250,0.02,2 to 5,Arthropoda,Malacostraca,Decapoda,Pandalidae,NA,NA,TBD,TBD,TBD,Pandalidae,NA,NA,2.5,1,50,3.20980901,Andrea Le,NA,1694.2,108.7611685,NA,2016-06-10_J08_1,1,formalin,NA,NA,2016-06-10,J08,1,H,0,50.480078,-126.415153,2016-06-10 14:52:21 PDT,NA,2016-06-10 14:54:22 PDT,0:02:01,B27225,657970,660673,N,2703,15.57725081,NA,NA,NA,no,TAX,NA,Technician,NA
JSPK1122,15.57725081,250,0.02,<1,Arthropoda,Maxillipoda,Calanoida,Paracalanidae,Paracalanus,NA,TBD,TBD,TBD,Paracalanus,NA,NA,<2,130,6500,417.2751713,Andrea Le,NA,1694.2,108.7611685,NA,2016-06-10_J08_1,1,formalin,NA,NA,2016-06-10,J08,1,H,0,50.480078,-126.415153,2016-06-10 14:52:21 PDT,NA,2016-06-10 14:54:22 PDT,0:02:01,B27225,657970,660673,N,2703,15.57725081,NA,NA,NA,no,TAX,NA,Technician,NA
JSPK1122,15.57725081,250,0.02,<1,Arthropoda,Branchiopoda,Diplostraca,Podonidae,Podon,NA,TBD,TBD,TBD,Podon,NA,NA,<2,1,50,3.20980901,Andrea Le,NA,1694.2,108.7611685,NA,2016-06-10_J08_1,1,formalin,NA,NA,2016-06-10,J08,1,H,0,50.480078,-126.415153,2016-06-10 14:52:21 PDT,NA,2016-06-10 14:54:22 PDT,0:02:01,B27225,657970,660673,N,2703,15.57725081,NA,NA,NA,no,TAX,NA,Technician,NA
JSPK1122,15.57725081,250,0.02,1 to 2,Arthropoda,Maxillipoda,Calanoida,Clausocalanidae,Pseudocalanus,NA,TBD,TBD,TBD,Pseudocalanus,NA,NA,<2,80,4000,256.7847208,Andrea Le,NA,1694.2,108.7611685,NA,2016-06-10_J08_1,1,formalin,NA,NA,2016-06-10,J08,1,H,0,50.480078,-126.415153,2016-06-10 14:52:21 PDT,NA,2016-06-10 14:54:22 PDT,0:02:01,B27225,657970,660673,N,2703,15.57725081,NA,NA,NA,no,TAX,NA,Technician,NA
JSPK1122,15.57725081,250,0.02,1 to 2,Arthropoda,Hexanauplia,Calanoida,Tortanidae,Tortanus,NA,TBD,TBD,TBD,Tortanus,<C5,NA,<2,1,50,3.20980901,Andrea Le,NA,1694.2,108.7611685,NA,2016-06-10_J08_1,1,formalin,NA,NA,2016-06-10,J08,1,H,0,50.480078,-126.415153,2016-06-10 14:52:21 PDT,NA,2016-06-10 14:54:22 PDT,0:02:01,B27225,657970,660673,N,2703,15.57725081,NA,NA,NA,no,TAX,NA,Technician,NA
JSPK1123,15.37479845,2000,1,5 to 10,Cnidaria,Hydrozoa,Trachymedusae,Rhopalonematidae,Aglantha,digitale,TBD,TBD,TBD,Aglantha digitale,NA,NA,5.05,4,4,0.260166012,Andrea Le,NA,874.4,56.87229025,gelatinous,2016-06-11_J06_1,1,formalin,NA,NA,2016-06-11,J06,1,H,0,50.456484,-126.153848,2016-06-11 06:43:08 PDT,NA,2016-06-11 06:45:07 PDT,0:01:59,B27225,660717,663383,N,2666,15.37479845,NA,NA,NA,no,TAX,NA,Technician,NA
JSPK1123,15.37479845,2000,1,2 to 5,Cnidaria,Hydrozoa,Anthoathecata,Pandeidae,Annatiara,affinis,TBD,TBD,TBD,Annatiara affinis,NA,NA,3.3,1,1,0.065041503,Andrea Le,NA,874.4,56.87229025,gelatinous,2016-06-11_J06_1,1,formalin,NA,NA,2016-06-11,J06,1,H,0,50.456484,-126.153848,2016-06-11 06:43:08 PDT,NA,2016-06-11 06:45:07 PDT,0:01:59,B27225,660717,663383,N,2666,15.37479845,NA,NA,NA,no,TAX,NA,Technician,NA
JSPK1123,15.37479845,2000,1,2 to 5,Arthropoda,Hexanauplia,Siphonostomatoida,Caligidae,Caligus,NA,TBD,TBD,TBD,Caligus,NA,NA,4.5,1,1,0.065041503,Andrea Le,NA,874.4,56.87229025,gelatinous,2016-06-11_J06_1,1,formalin,NA,NA,2016-06-11,J06,1,H,0,50.456484,-126.153848,2016-06-11 06:43:08 PDT,NA,2016-06-11 06:45:07 PDT,0:01:59,B27225,660717,663383,N,2666,15.37479845,NA,NA,NA,no,TAX,NA,Technician,NA
JSPK1123,15.37479845,2000,1,>10,Chaetognatha,NA,NA,NA,NA,NA,TBD,TBD,TBD,Chaetognath,NA,NA,13,2,2,0.130083006,Andrea Le,NA,874.4,56.87229025,gelatinous,2016-06-11_J06_1,1,formalin,NA,NA,2016-06-11,J06,1,H,0,50.456484,-126.153848,2016-06-11 06:43:08 PDT,NA,2016-06-11 06:45:07 PDT,0:01:59,B27225,660717,663383,N,2666,15.37479845,NA,NA,NA,no,TAX,NA,Technician,NA
JSPK1123,15.37479845,2000,1,5 to 10,Cnidaria,Hydrozoa,Leptothecata,Campanulariidae,Clytia,NA,TBD,TBD,TBD,Clytia,NA,NA,5.9,5,5,0.325207515,Andrea Le,NA,874.4,56.87229025,gelatinous,2016-06-11_J06_1,1,formalin,NA,NA,2016-06-11,J06,1,H,0,50.456484,-126.153848,2016-06-11 06:43:08 PDT,NA,2016-06-11 06:45:07 PDT,0:01:59,B27225,660717,663383,N,2666,15.37479845,NA,NA,NA,no,TAX,NA,Technician,NA
JSPK1123,15.37479845,2000,1,2 to 5,Ochrophyta,Bacillariophyceae,Fragilariales,Fragilariaceae,Ctenophora,NA,TBD,TBD,TBD,Ctenophore,NA,NA,4,1,1,0.065041503,Andrea Le,NA,874.4,56.87229025,gelatinous,2016-06-11_J06_1,1,formalin,NA,NA,2016-06-11,J06,1,H,0,50.456484,-126.153848,2016-06-11 06:43:08 PDT,NA,2016-06-11 06:45:07 PDT,0:01:59,B27225,660717,663383,N,2666,15.37479845,NA,NA,NA,no,TAX,NA,Technician,NA
JSPK1123,15.37479845,2000,1,5 to 10,Arthropoda,Hexanauplia,Calanoida,Eucalanidae,Eucalanus,NA,TBD,TBD,TBD,Eucalanus,NA,NA,5,1,1,0.065041503,Andrea Le,NA,874.4,56.87229025,gelatinous,2016-06-11_J06_1,1,formalin,NA,NA,2016-06-11,J06,1,H,0,50.456484,-126.153848,2016-06-11 06:43:08 PDT,NA,2016-06-11 06:45:07 PDT,0:01:59,B27225,660717,663383,N,2666,15.37479845,NA,NA,NA,no,TAX,NA,Technician,NA
JSPK1123,15.37479845,2000,1,>10,Cnidaria,Hydrozoa,Leptomedusae,NA,NA,NA,TBD,TBD,TBD,Leptomedusae,NA,NA,19,1,1,0.065041503,Andrea Le,NA,874.4,56.87229025,gelatinous,2016-06-11_J06_1,1,formalin,NA,NA,2016-06-11,J06,1,H,0,50.456484,-126.153848,2016-06-11 06:43:08 PDT,NA,2016-06-11 06:45:07 PDT,0:01:59,B27225,660717,663383,N,2666,15.37479845,NA,NA,NA,no,TAX,NA,Technician,NA
JSPK1123,15.37479845,2000,1,5 to 10,Cnidaria,Hydrozoa,Leptomedusae,NA,NA,NA,TBD,TBD,TBD,Leuckartiara spp,NA,NA,7.75,7,7,0.455290521,Andrea Le,NA,874.4,56.87229025,gelatinous,2016-06-11_J06_1,1,formalin,NA,NA,2016-06-11,J06,1,H,0,50.456484,-126.153848,2016-06-11 06:43:08 PDT,NA,2016-06-11 06:45:07 PDT,0:01:59,B27225,660717,663383,N,2666,15.37479845,NA,NA,NA,no,TAX,NA,Technician,NA
JSPK1123,15.37479845,1000,1,2 to 5,Arthropoda,Hexanauplia,Calanoida,Aetideidae,Aetidius,diveregns,TBD,TBD,TBD,Aetidius divergens,NA,NA,2.2,4,4,0.260166012,Andrea Le,NA,121.6,7.909046769,NA,2016-06-11_J06_1,1,formalin,NA,NA,2016-06-11,J06,1,H,0,50.456484,-126.153848,2016-06-11 06:43:08 PDT,NA,2016-06-11 06:45:07 PDT,0:01:59,B27225,660717,663383,N,2666,15.37479845,NA,NA,NA,no,TAX,NA,Technician,NA
JSPK1123,15.37479845,1000,1,2 to 5,Cnidaria,Hydrozoa,Trachymedusae,Rhopalonematidae,Aglantha,digitale,TBD,TBD,TBD,Aglantha digitale,NA,NA,3.7,1,1,0.065041503,Andrea Le,NA,121.6,7.909046769,NA,2016-06-11_J06_1,1,formalin,NA,NA,2016-06-11,J06,1,H,0,50.456484,-126.153848,2016-06-11 06:43:08 PDT,NA,2016-06-11 06:45:07 PDT,0:01:59,B27225,660717,663383,N,2666,15.37479845,NA,NA,NA,no,TAX,NA,Technician,NA
JSPK1123,15.37479845,1000,1,2 to 5,Cnidaria,Hydrozoa,Anthoathecata,Pandeidae,Annatiara,affinis,TBD,TBD,TBD,Annatiara affinis,NA,NA,2.7,2,2,0.130083006,Andrea Le,NA,121.6,7.909046769,NA,2016-06-11_J06_1,1,formalin,NA,NA,2016-06-11,J06,1,H,0,50.456484,-126.153848,2016-06-11 06:43:08 PDT,NA,2016-06-11 06:45:07 PDT,0:01:59,B27225,660717,663383,N,2666,15.37479845,NA,NA,NA,no,TAX,NA,Technician,NA
JSPK1123,15.37479845,1000,1,2 to 5,Arthropoda,Maxillopoda,Calanoida,Calanidae,Calanus,marshallae,TBD,TBD,TBD,Calanus marshallae,NA,NA,3.5,21,21,1.365871564,Andrea Le,NA,121.6,7.909046769,NA,2016-06-11_J06_1,1,formalin,NA,NA,2016-06-11,J06,1,H,0,50.456484,-126.153848,2016-06-11 06:43:08 PDT,NA,2016-06-11 06:45:07 PDT,0:01:59,B27225,660717,663383,N,2666,15.37479845,NA,NA,NA,no,TAX,NA,Technician,NA
JSPK1123,15.37479845,1000,1,2 to 5,Arthropoda,Maxillopoda,Calanoida,Calanidae,Calanus,pacificus,TBD,TBD,TBD,Calanus pacificus,NA,NA,2.7,7,7,0.455290521,Andrea Le,NA,121.6,7.909046769,NA,2016-06-11_J06_1,1,formalin,NA,NA,2016-06-11,J06,1,H,0,50.456484,-126.153848,2016-06-11 06:43:08 PDT,NA,2016-06-11 06:45:07 PDT,0:01:59,B27225,660717,663383,N,2666,15.37479845,NA,NA,NA,no,TAX,NA,Technician,NA
JSPK1123,15.37479845,1000,1,1 to 2,Arthropoda,Maxillipoda,Calanoida,Centropagidae,Centropages,abdominalis,TBD,TBD,TBD,Centropages abdominalis,NA,F,<2,3,3,0.195124509,Andrea Le,NA,121.6,7.909046769,NA,2016-06-11_J06_1,1,formalin,NA,NA,2016-06-11,J06,1,H,0,50.456484,-126.153848,2016-06-11 06:43:08 PDT,NA,2016-06-11 06:45:07 PDT,0:01:59,B27225,660717,663383,N,2666,15.37479845,NA,NA,NA,no,TAX,NA,Technician,NA
JSPK1123,15.37479845,1000,1,>10,Chaetognatha,NA,NA,NA,NA,NA,TBD,TBD,TBD,Chaetognath,NA,NA,13.5,2,2,0.130083006,Andrea Le,NA,121.6,7.909046769,NA,2016-06-11_J06_1,1,formalin,NA,NA,2016-06-11,J06,1,H,0,50.456484,-126.153848,2016-06-11 06:43:08 PDT,NA,2016-06-11 06:45:07 PDT,0:01:59,B27225,660717,663383,N,2666,15.37479845,NA,NA,NA,no,TAX,NA,Technician,NA
JSPK1123,15.37479845,1000,1,2 to 5,Cnidaria,Hydrozoa,Leptothecata,Campanulariidae,Clytia,NA,TBD,TBD,TBD,Clytia,NA,NA,2.8,1,1,0.065041503,Andrea Le,NA,121.6,7.909046769,NA,2016-06-11_J06_1,1,formalin,NA,NA,2016-06-11,J06,1,H,0,50.456484,-126.153848,2016-06-11 06:43:08 PDT,NA,2016-06-11 06:45:07 PDT,0:01:59,B27225,660717,663383,N,2666,15.37479845,NA,NA,NA,no,TAX,NA,Technician,NA
JSPK1123,15.37479845,1000,1,1 to 2,NA,NA,NA,NA,NA,NA,TBD,TBD,TBD,Egg (fish),NA,NA,<2,1,1,0.065041503,Andrea Le,NA,121.6,7.909046769,NA,2016-06-11_J06_1,1,formalin,NA,NA,2016-06-11,J06,1,H,0,50.456484,-126.153848,2016-06-11 06:43:08 PDT,NA,2016-06-11 06:45:07 PDT,0:01:59,B27225,660717,663383,N,2666,15.37479845,NA,NA,NA,no,TAX,NA,Technician,NA
JSPK1123,15.37479845,1000,1,2 to 5,Arthropoda,Hexanauplia,Calanoida,Pontellidae,Epilabidocera,longipedata,TBD,TBD,TBD,Epilabidocera longipedata,NA,NA,2.6,2,2,0.130083006,Andrea Le,NA,121.6,7.909046769,NA,2016-06-11_J06_1,1,formalin,NA,NA,2016-06-11,J06,1,H,0,50.456484,-126.153848,2016-06-11 06:43:08 PDT,NA,2016-06-11 06:45:07 PDT,0:01:59,B27225,660717,663383,N,2666,15.37479845,NA,NA,NA,no,TAX,NA,Technician,NA
JSPK1123,15.37479845,1000,1,2 to 5,Arthropoda,Hexanauplia,Calanoida,Eucalanidae,Eucalanus,NA,TBD,TBD,TBD,Eucalanus,NA,NA,4.4,2,2,0.130083006,Andrea Le,NA,121.6,7.909046769,NA,2016-06-11_J06_1,1,formalin,NA,NA,2016-06-11,J06,1,H,0,50.456484,-126.153848,2016-06-11 06:43:08 PDT,NA,2016-06-11 06:45:07 PDT,0:01:59,B27225,660717,663383,N,2666,15.37479845,NA,NA,NA,no,TAX,NA,Technician,NA
JSPK1123,15.37479845,1000,1,5 to 10,Arthropoda,Malacostraca,Amphipoda,Hyperiidae,Themisto,NA,TBD,TBD,TBD,Hyperiid (themisto),NA,NA,5.4,3,3,0.195124509,Andrea Le,NA,121.6,7.909046769,NA,2016-06-11_J06_1,1,formalin,NA,NA,2016-06-11,J06,1,H,0,50.456484,-126.153848,2016-06-11 06:43:08 PDT,NA,2016-06-11 06:45:07 PDT,0:01:59,B27225,660717,663383,N,2666,15.37479845,NA,NA,NA,no,TAX,NA,Technician,NA
JSPK1123,15.37479845,1000,1,2 to 5,Cnidaria,Hydrozoa,Leptomedusae,NA,NA,NA,TBD,TBD,TBD,Leuckartiara spp,NA,NA,3.25,2,2,0.130083006,Andrea Le,NA,121.6,7.909046769,NA,2016-06-11_J06_1,1,formalin,NA,NA,2016-06-11,J06,1,H,0,50.456484,-126.153848,2016-06-11 06:43:08 PDT,NA,2016-06-11 06:45:07 PDT,0:01:59,B27225,660717,663383,N,2666,15.37479845,NA,NA,NA,no,TAX,NA,Technician,NA
JSPK1123,15.37479845,1000,1,2 to 5,Arthropoda,Hexanauplia,Calanoida,Metridinidae,Metridia,NA,TBD,TBD,TBD,Metridia,NA,NA,2.8,31,31,2.016286594,Andrea Le,NA,121.6,7.909046769,NA,2016-06-11_J06_1,1,formalin,NA,NA,2016-06-11,J06,1,H,0,50.456484,-126.153848,2016-06-11 06:43:08 PDT,NA,2016-06-11 06:45:07 PDT,0:01:59,B27225,660717,663383,N,2666,15.37479845,NA,NA,NA,no,TAX,NA,Technician,NA
JSPK1123,15.37479845,1000,1,2 to 5,Arthropoda,Malacostraca,Decapoda,Pandalidae,NA,NA,TBD,TBD,TBD,Pandalidae,NA,NA,3.25,7,7,0.455290521,Andrea Le,NA,121.6,7.909046769,NA,2016-06-11_J06_1,1,formalin,NA,NA,2016-06-11,J06,1,H,0,50.456484,-126.153848,2016-06-11 06:43:08 PDT,NA,2016-06-11 06:45:07 PDT,0:01:59,B27225,660717,663383,N,2666,15.37479845,NA,NA,NA,no,TAX,NA,Technician,NA
JSPK1123,15.37479845,1000,1,2 to 5,Arthropoda,Malacostraca,Decapoda,Pinnotheridae,NA,NA,TBD,TBD,TBD,Pinnotheridae,NA,NA,3.7,3,3,0.195124509,Andrea Le,NA,121.6,7.909046769,NA,2016-06-11_J06_1,1,formalin,NA,NA,2016-06-11,J06,1,H,0,50.456484,-126.153848,2016-06-11 06:43:08 PDT,NA,2016-06-11 06:45:07 PDT,0:01:59,B27225,660717,663383,N,2666,15.37479845,NA,NA,NA,no,TAX,NA,Technician,NA
JSPK1123,15.37479845,1000,1,1 to 2,Arthropoda,Maxillipoda,Calanoida,Clausocalanidae,Pseudocalanus,NA,TBD,TBD,TBD,Pseudocalanus,NA,NA,<2,6,6,0.390249018,Andrea Le,NA,121.6,7.909046769,NA,2016-06-11_J06_1,1,formalin,NA,NA,2016-06-11,J06,1,H,0,50.456484,-126.153848,2016-06-11 06:43:08 PDT,NA,2016-06-11 06:45:07 PDT,0:01:59,B27225,660717,663383,N,2666,15.37479845,NA,NA,NA,no,TAX,NA,Technician,NA
JSPK1123,15.37479845,1000,1,5 to 10,Annelida,Polychaeta,Phyllodocida,Syllidae,NA,NA,TBD,TBD,TBD,Syllidae,NA,NA,6.25,3,3,0.195124509,Andrea Le,NA,121.6,7.909046769,NA,2016-06-11_J06_1,1,formalin,NA,NA,2016-06-11,J06,1,H,0,50.456484,-126.153848,2016-06-11 06:43:08 PDT,NA,2016-06-11 06:45:07 PDT,0:01:59,B27225,660717,663383,N,2666,15.37479845,NA,NA,NA,no,TAX,NA,Technician,NA
JSPK1123,15.37479845,1000,1,2 to 5,Arthropoda,Hexanauplia,Calanoida,Tortanidae,Tortanus,NA,TBD,TBD,TBD,Tortanus,NA,F,2.2,2,2,0.130083006,Andrea Le,NA,121.6,7.909046769,NA,2016-06-11_J06_1,1,formalin,NA,NA,2016-06-11,J06,1,H,0,50.456484,-126.153848,2016-06-11 06:43:08 PDT,NA,2016-06-11 06:45:07 PDT,0:01:59,B27225,660717,663383,N,2666,15.37479845,NA,NA,NA,no,TAX,NA,Technician,NA
JSPK1123,15.37479845,250,0.03,<1,Arthropoda,Maxillopoda,Calanoida,Acartiidae,Acartia,NA,TBD,TBD,TBD,Acartia,NA,NA,<2,34,1133.333333,73.71370341,Andrea Le,NA,1294.7,84.20923398,NA,2016-06-11_J06_1,1,formalin,NA,NA,2016-06-11,J06,1,H,0,50.456484,-126.153848,2016-06-11 06:43:08 PDT,NA,2016-06-11 06:45:07 PDT,0:01:59,B27225,660717,663383,N,2666,15.37479845,NA,NA,NA,no,TAX,NA,Technician,NA
JSPK1123,15.37479845,250,0.03,1 to 2,Arthropoda,Hexanauplia,Calanoida,Aetideidae,Aetidius,diveregns,TBD,TBD,TBD,Aetidius divergens,<C5,NA,<2,1,33.33333333,2.168050101,Andrea Le,NA,1294.7,84.20923398,NA,2016-06-11_J06_1,1,formalin,NA,NA,2016-06-11,J06,1,H,0,50.456484,-126.153848,2016-06-11 06:43:08 PDT,NA,2016-06-11 06:45:07 PDT,0:01:59,B27225,660717,663383,N,2666,15.37479845,NA,NA,NA,no,TAX,NA,Technician,NA
JSPK1123,15.37479845,250,0.03,<1,Arthropoda,Maxillopoda,NA,NA,NA,NA,TBD,TBD,TBD,Barnacle nauplius,nauplius,NA,<2,20,666.6666667,43.36100202,Andrea Le,NA,1294.7,84.20923398,NA,2016-06-11_J06_1,1,formalin,NA,NA,2016-06-11,J06,1,H,0,50.456484,-126.153848,2016-06-11 06:43:08 PDT,NA,2016-06-11 06:45:07 PDT,0:01:59,B27225,660717,663383,N,2666,15.37479845,NA,NA,NA,no,TAX,NA,Technician,NA
JSPK1123,15.37479845,250,0.03,1 to 2,Arthropoda,Maxillopoda,Calanoida,Calanidae,Calanus,pacificus,TBD,TBD,TBD,Calanus pacificus,<C5,NA,<2,3,100,6.504150303,Andrea Le,NA,1294.7,84.20923398,NA,2016-06-11_J06_1,1,formalin,NA,NA,2016-06-11,J06,1,H,0,50.456484,-126.153848,2016-06-11 06:43:08 PDT,NA,2016-06-11 06:45:07 PDT,0:01:59,B27225,660717,663383,N,2666,15.37479845,NA,NA,NA,no,TAX,NA,Technician,NA
JSPK1123,15.37479845,250,0.03,1 to 2,Arthropoda,Maxillipoda,Calanoida,Centropagidae,Centropages,abdominalis,TBD,TBD,TBD,Centropages abdominalis,<C5,NA,<2,3,100,6.504150303,Andrea Le,NA,1294.7,84.20923398,NA,2016-06-11_J06_1,1,formalin,NA,NA,2016-06-11,J06,1,H,0,50.456484,-126.153848,2016-06-11 06:43:08 PDT,NA,2016-06-11 06:45:07 PDT,0:01:59,B27225,660717,663383,N,2666,15.37479845,NA,NA,NA,no,TAX,NA,Technician,NA
JSPK1123,15.37479845,250,0.03,<1,Arthropoda,Maxillipoda,NA,NA,NA,NA,TBD,TBD,TBD,Copepod nauplius,nauplius,NA,<2,6,200,13.00830061,Andrea Le,NA,1294.7,84.20923398,NA,2016-06-11_J06_1,1,formalin,NA,NA,2016-06-11,J06,1,H,0,50.456484,-126.153848,2016-06-11 06:43:08 PDT,NA,2016-06-11 06:45:07 PDT,0:01:59,B27225,660717,663383,N,2666,15.37479845,NA,NA,NA,no,TAX,NA,Technician,NA
JSPK1123,15.37479845,250,0.03,1 to 2,Arthropoda,Maxillipoda,Calanoida,NA,NA,NA,TBD,TBD,TBD,Copepodite,C3,NA,<2,6,200,13.00830061,Andrea Le,NA,1294.7,84.20923398,NA,2016-06-11_J06_1,1,formalin,NA,NA,2016-06-11,J06,1,H,0,50.456484,-126.153848,2016-06-11 06:43:08 PDT,NA,2016-06-11 06:45:07 PDT,0:01:59,B27225,660717,663383,N,2666,15.37479845,NA,NA,NA,no,TAX,NA,Technician,NA
JSPK1123,15.37479845,250,0.03,1 to 2,Arthropoda,Maxillipoda,Calanoida,NA,NA,NA,TBD,TBD,TBD,Copepodite,C2,NA,<2,2,66.66666667,4.336100202,Andrea Le,NA,1294.7,84.20923398,NA,2016-06-11_J06_1,1,formalin,NA,NA,2016-06-11,J06,1,H,0,50.456484,-126.153848,2016-06-11 06:43:08 PDT,NA,2016-06-11 06:45:07 PDT,0:01:59,B27225,660717,663383,N,2666,15.37479845,NA,NA,NA,no,TAX,NA,Technician,NA
JSPK1123,15.37479845,250,0.03,1 to 2,Arthropoda,Maxillipoda,Calanoida,NA,NA,NA,TBD,TBD,TBD,Copepodite,C1,NA,<2,5,166.6666667,10.84025051,Andrea Le,NA,1294.7,84.20923398,NA,2016-06-11_J06_1,1,formalin,NA,NA,2016-06-11,J06,1,H,0,50.456484,-126.153848,2016-06-11 06:43:08 PDT,NA,2016-06-11 06:45:07 PDT,0:01:59,B27225,660717,663383,N,2666,15.37479845,NA,NA,NA,no,TAX,NA,Technician,NA
JSPK1123,15.37479845,250,0.03,<1,Arthropoda,Maxillopoda,Cyclopoida,Corycaeidae,Corycaeus,NA,TBD,TBD,TBD,Corycaeus,NA,NA,<2,49,1633.333333,106.2344549,Andrea Le,NA,1294.7,84.20923398,NA,2016-06-11_J06_1,1,formalin,NA,NA,2016-06-11,J06,1,H,0,50.456484,-126.153848,2016-06-11 06:43:08 PDT,NA,2016-06-11 06:45:07 PDT,0:01:59,B27225,660717,663383,N,2666,15.37479845,NA,NA,NA,no,TAX,NA,Technician,NA
JSPK1123,15.37479845,250,0.03,<1,Arthropoda,Maxillopoda,NA,NA,NA,NA,TBD,TBD,TBD,Cyprid,NA,NA,<2,13,433.3333333,28.18465131,Andrea Le,NA,1294.7,84.20923398,NA,2016-06-11_J06_1,1,formalin,NA,NA,2016-06-11,J06,1,H,0,50.456484,-126.153848,2016-06-11 06:43:08 PDT,NA,2016-06-11 06:45:07 PDT,0:01:59,B27225,660717,663383,N,2666,15.37479845,NA,NA,NA,no,TAX,NA,Technician,NA
JSPK1123,15.37479845,250,0.03,<1,NA,NA,NA,NA,NA,NA,TBD,TBD,TBD,Egg (oily),NA,NA,<2,4,133.3333333,8.672200402,Andrea Le,NA,1294.7,84.20923398,NA,2016-06-11_J06_1,1,formalin,NA,NA,2016-06-11,J06,1,H,0,50.456484,-126.153848,2016-06-11 06:43:08 PDT,NA,2016-06-11 06:45:07 PDT,0:01:59,B27225,660717,663383,N,2666,15.37479845,NA,NA,NA,no,TAX,NA,Technician,NA
JSPK1123,15.37479845,250,0.03,1 to 2,Arthropoda,Hexanauplia,Calanoida,Pontellidae,Epilabidocera,longipedata,TBD,TBD,TBD,Epilabidocera longipedata,<C5,NA,<2,2,66.66666667,4.336100202,Andrea Le,NA,1294.7,84.20923398,NA,2016-06-11_J06_1,1,formalin,NA,NA,2016-06-11,J06,1,H,0,50.456484,-126.153848,2016-06-11 06:43:08 PDT,NA,2016-06-11 06:45:07 PDT,0:01:59,B27225,660717,663383,N,2666,15.37479845,NA,NA,NA,no,TAX,NA,Technician,NA
JSPK1123,15.37479845,250,0.03,<1,Arthropoda,Malacostraca,Euphausiacea,Euphausiidae,NA,NA,TBD,TBD,TBD,Euphausiid calytopsis,NA,NA,<2,19,633.3333333,41.19295192,Andrea Le,NA,1294.7,84.20923398,NA,2016-06-11_J06_1,1,formalin,NA,NA,2016-06-11,J06,1,H,0,50.456484,-126.153848,2016-06-11 06:43:08 PDT,NA,2016-06-11 06:45:07 PDT,0:01:59,B27225,660717,663383,N,2666,15.37479845,NA,NA,NA,no,TAX,NA,Technician,NA
JSPK1123,15.37479845,250,0.03,<1,Arthropoda,Branchiopoda,Diplostraca,Podonidae,Evadne,NA,TBD,TBD,TBD,Evadne,NA,NA,<2,8,266.6666667,17.34440081,Andrea Le,NA,1294.7,84.20923398,NA,2016-06-11_J06_1,1,formalin,NA,NA,2016-06-11,J06,1,H,0,50.456484,-126.153848,2016-06-11 06:43:08 PDT,NA,2016-06-11 06:45:07 PDT,0:01:59,B27225,660717,663383,N,2666,15.37479845,NA,NA,NA,no,TAX,NA,Technician,NA
JSPK1123,15.37479845,250,0.03,2 to 5,Arthropoda,Malacostraca,Amphipoda,NA,NA,NA,TBD,TBD,TBD,Gammarid,NA,NA,2.25,2,66.66666667,4.336100202,Andrea Le,NA,1294.7,84.20923398,NA,2016-06-11_J06_1,1,formalin,NA,NA,2016-06-11,J06,1,H,0,50.456484,-126.153848,2016-06-11 06:43:08 PDT,NA,2016-06-11 06:45:07 PDT,0:01:59,B27225,660717,663383,N,2666,15.37479845,NA,NA,NA,no,TAX,NA,Technician,NA
JSPK1123,15.37479845,250,0.03,<1,Mollusca,Gastropoda,NA,NA,NA,NA,TBD,TBD,TBD,Gastropod egg,NA,NA,<2,4,133.3333333,8.672200402,Andrea Le,NA,1294.7,84.20923398,NA,2016-06-11_J06_1,1,formalin,NA,NA,2016-06-11,J06,1,H,0,50.456484,-126.153848,2016-06-11 06:43:08 PDT,NA,2016-06-11 06:45:07 PDT,0:01:59,B27225,660717,663383,N,2666,15.37479845,NA,NA,NA,no,TAX,NA,Technician,NA
JSPK1123,15.37479845,250,0.03,<1,Mollusca,Gastropoda,NA,NA,NA,NA,TBD,TBD,TBD,Gastropod veliger,veliger,NA,<2,1,33.33333333,2.168050101,Andrea Le,NA,1294.7,84.20923398,NA,2016-06-11_J06_1,1,formalin,NA,NA,2016-06-11,J06,1,H,0,50.456484,-126.153848,2016-06-11 06:43:08 PDT,NA,2016-06-11 06:45:07 PDT,0:01:59,B27225,660717,663383,N,2666,15.37479845,NA,NA,NA,no,TAX,NA,Technician,NA
JSPK1123,15.37479845,250,0.03,1 to 2,Arthropoda,Hexanauplia,Harpacticoida,NA,NA,NA,TBD,TBD,TBD,Harpacticoid,NA,NA,<2,2,66.66666667,4.336100202,Andrea Le,NA,1294.7,84.20923398,NA,2016-06-11_J06_1,1,formalin,NA,NA,2016-06-11,J06,1,H,0,50.456484,-126.153848,2016-06-11 06:43:08 PDT,NA,2016-06-11 06:45:07 PDT,0:01:59,B27225,660717,663383,N,2666,15.37479845,NA,NA,NA,no,TAX,NA,Technician,NA
JSPK1123,15.37479845,250,0.03,1 to 2,Cnidaria,Hydrozoa,NA,NA,NA,NA,TBD,TBD,TBD,Hydromedusae,NA,NA,<2,6,200,13.00830061,Andrea Le,NA,1294.7,84.20923398,NA,2016-06-11_J06_1,1,formalin,NA,NA,2016-06-11,J06,1,H,0,50.456484,-126.153848,2016-06-11 06:43:08 PDT,NA,2016-06-11 06:45:07 PDT,0:01:59,B27225,660717,663383,N,2666,15.37479845,NA,NA,NA,no,TAX,NA,Technician,NA
JSPK1123,15.37479845,250,0.03,2 to 5,Arthropoda,Hexanauplia,Calanoida,Metridinidae,Metridia,NA,TBD,TBD,TBD,Metridia,NA,NA,2,11,366.6666667,23.84855111,Andrea Le,NA,1294.7,84.20923398,NA,2016-06-11_J06_1,1,formalin,NA,NA,2016-06-11,J06,1,H,0,50.456484,-126.153848,2016-06-11 06:43:08 PDT,NA,2016-06-11 06:45:07 PDT,0:01:59,B27225,660717,663383,N,2666,15.37479845,NA,NA,NA,no,TAX,NA,Technician,NA
JSPK1123,15.37479845,250,0.03,1 to 2,Chordata,Appendicularia,Copelata,Oikopleuridae,Oikopleura,NA,TBD,TBD,TBD,Oikopleura,NA,NA,<2,11,366.6666667,23.84855111,Andrea Le,NA,1294.7,84.20923398,NA,2016-06-11_J06_1,1,formalin,NA,NA,2016-06-11,J06,1,H,0,50.456484,-126.153848,2016-06-11 06:43:08 PDT,NA,2016-06-11 06:45:07 PDT,0:01:59,B27225,660717,663383,N,2666,15.37479845,NA,NA,NA,no,TAX,NA,Technician,NA
JSPK1123,15.37479845,250,0.03,<1,Arthropoda,Maxillopoda,Cyclopoida,Oithonidae,Oithona,NA,TBD,TBD,TBD,Oithona,NA,NA,<2,10,333.3333333,21.68050101,Andrea Le,NA,1294.7,84.20923398,NA,2016-06-11_J06_1,1,formalin,NA,NA,2016-06-11,J06,1,H,0,50.456484,-126.153848,2016-06-11 06:43:08 PDT,NA,2016-06-11 06:45:07 PDT,0:01:59,B27225,660717,663383,N,2666,15.37479845,NA,NA,NA,no,TAX,NA,Technician,NA
JSPK1123,15.37479845,250,0.03,2 to 5,Arthropoda,Malacostraca,Decapoda,Pandalidae,NA,NA,TBD,TBD,TBD,Pandalidae,NA,NA,2.4,2,66.66666667,4.336100202,Andrea Le,NA,1294.7,84.20923398,NA,2016-06-11_J06_1,1,formalin,NA,NA,2016-06-11,J06,1,H,0,50.456484,-126.153848,2016-06-11 06:43:08 PDT,NA,2016-06-11 06:45:07 PDT,0:01:59,B27225,660717,663383,N,2666,15.37479845,NA,NA,NA,no,TAX,NA,Technician,NA
JSPK1123,15.37479845,250,0.03,<1,Arthropoda,Maxillipoda,Calanoida,Paracalanidae,Paracalanus,NA,TBD,TBD,TBD,Paracalanus,NA,NA,<2,49,1633.333333,106.2344549,Andrea Le,NA,1294.7,84.20923398,NA,2016-06-11_J06_1,1,formalin,NA,NA,2016-06-11,J06,1,H,0,50.456484,-126.153848,2016-06-11 06:43:08 PDT,NA,2016-06-11 06:45:07 PDT,0:01:59,B27225,660717,663383,N,2666,15.37479845,NA,NA,NA,no,TAX,NA,Technician,NA
JSPK1123,15.37479845,250,0.03,1 to 2,Arthropoda,Maxillipoda,Calanoida,Clausocalanidae,Pseudocalanus,NA,TBD,TBD,TBD,Pseudocalanus,NA,NA,<2,97,3233.333333,210.3008598,Andrea Le,NA,1294.7,84.20923398,NA,2016-06-11_J06_1,1,formalin,NA,NA,2016-06-11,J06,1,H,0,50.456484,-126.153848,2016-06-11 06:43:08 PDT,NA,2016-06-11 06:45:07 PDT,0:01:59,B27225,660717,663383,N,2666,15.37479845,NA,NA,NA,no,TAX,NA,Technician,NA
JSPK1123,15.37479845,250,0.03,1 to 2,Arthropoda,Hexanauplia,Calanoida,Tortanidae,Tortanus,NA,TBD,TBD,TBD,Tortanus,<C5,NA,<2,1,33.33333333,2.168050101,Andrea Le,NA,1294.7,84.20923398,NA,2016-06-11_J06_1,1,formalin,NA,NA,2016-06-11,J06,1,H,0,50.456484,-126.153848,2016-06-11 06:43:08 PDT,NA,2016-06-11 06:45:07 PDT,0:01:59,B27225,660717,663383,N,2666,15.37479845,NA,NA,NA,no,TAX,NA,Technician,NA
QPK734,24.81309314,2000,1,5 to 10,Cnidaria,Hydrozoa,Anthoathecata,Pandeidae,Amphinema,platyhedos,TBD,TBD,TBD,Amphinema platyhedos,NA,NA,7.5,1,1,0.040301304,Andrea Le,NA,1210.8,48.7968184,gelatinous,2016-06-08_D11_2,1,formalin,NA,NA,2016-06-08,D11,2,H,0,50.347862,-125.455554,2016-06-08 08:29:35 PDT,NA,2016-06-08 08:35:08 PDT,0:05:33,B27226,347632,352247,N,4615,24.81309314,NA,NA,NA,no,TAX,NA,Technician,NA
QPK734,24.81309314,2000,1,5 to 10,Cnidaria,Hydrozoa,Anthoathecata,Pandeidae,Amphinema,platyhedos,TBD,TBD,TBD,Amphinema platyhedos,NA,NA,7.5,1,1,0.040301304,Andrea Le,NA,181.1,7.298566083,non-gelatinous,2016-06-08_D11_2,1,formalin,NA,NA,2016-06-08,D11,2,H,0,50.347862,-125.455554,2016-06-08 08:29:35 PDT,NA,2016-06-08 08:35:08 PDT,0:05:33,B27226,347632,352247,N,4615,24.81309314,NA,NA,NA,no,TAX,NA,Technician,NA
QPK734,24.81309314,2000,1,2 to 5,Arthropoda,Malacostraca,Decapoda,Cancridae,NA,NA,TBD,TBD,TBD,Cancridae,NA,NA,4.5,1,1,0.040301304,Andrea Le,NA,1210.8,48.7968184,gelatinous,2016-06-08_D11_2,1,formalin,NA,NA,2016-06-08,D11,2,H,0,50.347862,-125.455554,2016-06-08 08:29:35 PDT,NA,2016-06-08 08:35:08 PDT,0:05:33,B27226,347632,352247,N,4615,24.81309314,NA,NA,NA,no,TAX,NA,Technician,NA
QPK734,24.81309314,2000,1,2 to 5,Arthropoda,Malacostraca,Decapoda,Cancridae,NA,NA,TBD,TBD,TBD,Cancridae,NA,NA,4.5,1,1,0.040301304,Andrea Le,NA,181.1,7.298566083,non-gelatinous,2016-06-08_D11_2,1,formalin,NA,NA,2016-06-08,D11,2,H,0,50.347862,-125.455554,2016-06-08 08:29:35 PDT,NA,2016-06-08 08:35:08 PDT,0:05:33,B27226,347632,352247,N,4615,24.81309314,NA,NA,NA,no,TAX,NA,Technician,NA
QPK734,24.81309314,2000,1,5 to 10,Cnidaria,Hydrozoa,Leptothecata,Campanulariidae,Clytia,NA,TBD,TBD,TBD,Clytia,NA,NA,9.85,3,3,0.120903911,Andrea Le,NA,1210.8,48.7968184,gelatinous,2016-06-08_D11_2,1,formalin,NA,NA,2016-06-08,D11,2,H,0,50.347862,-125.455554,2016-06-08 08:29:35 PDT,NA,2016-06-08 08:35:08 PDT,0:05:33,B27226,347632,352247,N,4615,24.81309314,NA,NA,NA,no,TAX,NA,Technician,NA
QPK734,24.81309314,2000,1,5 to 10,Cnidaria,Hydrozoa,Leptothecata,Campanulariidae,Clytia,NA,TBD,TBD,TBD,Clytia,NA,NA,9.85,3,3,0.120903911,Andrea Le,NA,181.1,7.298566083,non-gelatinous,2016-06-08_D11_2,1,formalin,NA,NA,2016-06-08,D11,2,H,0,50.347862,-125.455554,2016-06-08 08:29:35 PDT,NA,2016-06-08 08:35:08 PDT,0:05:33,B27226,347632,352247,N,4615,24.81309314,NA,NA,NA,no,TAX,NA,Technician,NA
QPK734,24.81309314,2000,1,5 to 10,Cnidaria,Hydrozoa,Anthoathecata,Corymorphidae,Euphysa,NA,TBD,TBD,TBD,Euphysa,NA,NA,6.5,2,2,0.080602607,Andrea Le,NA,1210.8,48.7968184,gelatinous,2016-06-08_D11_2,1,formalin,NA,NA,2016-06-08,D11,2,H,0,50.347862,-125.455554,2016-06-08 08:29:35 PDT,NA,2016-06-08 08:35:08 PDT,0:05:33,B27226,347632,352247,N,4615,24.81309314,NA,NA,NA,no,TAX,NA,Technician,NA
QPK734,24.81309314,2000,1,5 to 10,Cnidaria,Hydrozoa,Anthoathecata,Corymorphidae,Euphysa,NA,TBD,TBD,TBD,Euphysa,NA,NA,6.5,2,2,0.080602607,Andrea Le,NA,181.1,7.298566083,non-gelatinous,2016-06-08_D11_2,1,formalin,NA,NA,2016-06-08,D11,2,H,0,50.347862,-125.455554,2016-06-08 08:29:35 PDT,NA,2016-06-08 08:35:08 PDT,0:05:33,B27226,347632,352247,N,4615,24.81309314,NA,NA,NA,no,TAX,NA,Technician,NA
QPK734,24.81309314,2000,1,>10,Cnidaria,Hydrozoa,Leptomedusae,NA,NA,NA,TBD,TBD,TBD,Leptomedusae,NA,NA,24,1,1,0.040301304,Andrea Le,NA,1210.8,48.7968184,gelatinous,2016-06-08_D11_2,1,formalin,NA,NA,2016-06-08,D11,2,H,0,50.347862,-125.455554,2016-06-08 08:29:35 PDT,NA,2016-06-08 08:35:08 PDT,0:05:33,B27226,347632,352247,N,4615,24.81309314,NA,NA,NA,no,TAX,NA,Technician,NA
QPK734,24.81309314,2000,1,>10,Cnidaria,Hydrozoa,Leptomedusae,NA,NA,NA,TBD,TBD,TBD,Leptomedusae,NA,NA,24,1,1,0.040301304,Andrea Le,NA,181.1,7.298566083,non-gelatinous,2016-06-08_D11_2,1,formalin,NA,NA,2016-06-08,D11,2,H,0,50.347862,-125.455554,2016-06-08 08:29:35 PDT,NA,2016-06-08 08:35:08 PDT,0:05:33,B27226,347632,352247,N,4615,24.81309314,NA,NA,NA,no,TAX,NA,Technician,NA
QPK734,24.81309314,2000,1,2 to 5,Arthropoda,Malacostraca,Decapoda,Pinnotheridae,NA,NA,TBD,TBD,TBD,Pinnotheridae,NA,NA,4,1,1,0.040301304,Andrea Le,NA,1210.8,48.7968184,gelatinous,2016-06-08_D11_2,1,formalin,NA,NA,2016-06-08,D11,2,H,0,50.347862,-125.455554,2016-06-08 08:29:35 PDT,NA,2016-06-08 08:35:08 PDT,0:05:33,B27226,347632,352247,N,4615,24.81309314,NA,NA,NA,no,TAX,NA,Technician,NA
QPK734,24.81309314,2000,1,2 to 5,Arthropoda,Malacostraca,Decapoda,Pinnotheridae,NA,NA,TBD,TBD,TBD,Pinnotheridae,NA,NA,4,1,1,0.040301304,Andrea Le,NA,181.1,7.298566083,non-gelatinous,2016-06-08_D11_2,1,formalin,NA,NA,2016-06-08,D11,2,H,0,50.347862,-125.455554,2016-06-08 08:29:35 PDT,NA,2016-06-08 08:35:08 PDT,0:05:33,B27226,347632,352247,N,4615,24.81309314,NA,NA,NA,no,TAX,NA,Technician,NA
QPK734,24.81309314,2000,1,>10,Chordata,Actinopterygii,Pleuronectiformes,Pleuronectidae,NA,NA,TBD,TBD,TBD,Pleuronectidae (Hippoglossus stenolepis?),NA,NA,28,1,1,0.040301304,Andrea Le,NA,1210.8,48.7968184,gelatinous,2016-06-08_D11_2,1,formalin,NA,NA,2016-06-08,D11,2,H,0,50.347862,-125.455554,2016-06-08 08:29:35 PDT,NA,2016-06-08 08:35:08 PDT,0:05:33,B27226,347632,352247,N,4615,24.81309314,NA,NA,NA,no,TAX,NA,Technician,NA
QPK734,24.81309314,2000,1,>10,Chordata,Actinopterygii,Pleuronectiformes,Pleuronectidae,NA,NA,TBD,TBD,TBD,Pleuronectidae (Hippoglossus stenolepis?),NA,NA,28,1,1,0.040301304,Andrea Le,NA,181.1,7.298566083,non-gelatinous,2016-06-08_D11_2,1,formalin,NA,NA,2016-06-08,D11,2,H,0,50.347862,-125.455554,2016-06-08 08:29:35 PDT,NA,2016-06-08 08:35:08 PDT,0:05:33,B27226,347632,352247,N,4615,24.81309314,NA,NA,NA,no,TAX,NA,Technician,NA
QPK734,24.81309314,1000,1,2 to 5,Cnidaria,Hydrozoa,Trachymedusae,Rhopalonematidae,Aglantha,digitale,TBD,TBD,TBD,Aglantha digitale,NA,NA,2.9,11,11,0.44331434,Andrea Le,NA,209.6,8.447153235,NA,2016-06-08_D11_2,1,formalin,NA,NA,2016-06-08,D11,2,H,0,50.347862,-125.455554,2016-06-08 08:29:35 PDT,NA,2016-06-08 08:35:08 PDT,0:05:33,B27226,347632,352247,N,4615,24.81309314,NA,NA,NA,no,TAX,NA,Technician,NA
QPK734,24.81309314,1000,1,5 to 10,Cnidaria,Hydrozoa,Anthoathecata,Pandeidae,Amphinema,platyhedos,TBD,TBD,TBD,Amphinema platyhedos,NA,NA,5.5,1,1,0.040301304,Andrea Le,NA,209.6,8.447153235,NA,2016-06-08_D11_2,1,formalin,NA,NA,2016-06-08,D11,2,H,0,50.347862,-125.455554,2016-06-08 08:29:35 PDT,NA,2016-06-08 08:35:08 PDT,0:05:33,B27226,347632,352247,N,4615,24.81309314,NA,NA,NA,no,TAX,NA,Technician,NA
QPK734,24.81309314,1000,1,2 to 5,Arthropoda,Maxillopoda,Calanoida,Calanidae,Calanus,marshallae,TBD,TBD,TBD,Calanus marshallae,NA,NA,3.7,8,8,0.322410429,Andrea Le,NA,209.6,8.447153235,NA,2016-06-08_D11_2,1,formalin,NA,NA,2016-06-08,D11,2,H,0,50.347862,-125.455554,2016-06-08 08:29:35 PDT,NA,2016-06-08 08:35:08 PDT,0:05:33,B27226,347632,352247,N,4615,24.81309314,NA,NA,NA,no,TAX,NA,Technician,NA
QPK734,24.81309314,1000,1,2 to 5,Arthropoda,Maxillopoda,Calanoida,Calanidae,Calanus,pacificus,TBD,TBD,TBD,Calanus pacificus,NA,NA,2.7,44,44,1.773257359,Andrea Le,NA,209.6,8.447153235,NA,2016-06-08_D11_2,1,formalin,NA,NA,2016-06-08,D11,2,H,0,50.347862,-125.455554,2016-06-08 08:29:35 PDT,NA,2016-06-08 08:35:08 PDT,0:05:33,B27226,347632,352247,N,4615,24.81309314,NA,NA,NA,no,TAX,NA,Technician,NA
QPK734,24.81309314,1000,1,2 to 5,Arthropoda,Malacostraca,Decapoda,Cancridae,NA,NA,TBD,TBD,TBD,Cancridae,NA,NA,3.15,13,13,0.523916947,Andrea Le,NA,209.6,8.447153235,NA,2016-06-08_D11_2,1,formalin,NA,NA,2016-06-08,D11,2,H,0,50.347862,-125.455554,2016-06-08 08:29:35 PDT,NA,2016-06-08 08:35:08 PDT,0:05:33,B27226,347632,352247,N,4615,24.81309314,NA,NA,NA,no,TAX,NA,Technician,NA
QPK734,24.81309314,1000,1,1 to 2,Arthropoda,Maxillipoda,Calanoida,Centropagidae,Centropages,abdominalis,TBD,TBD,TBD,Centropages abdominalis,NA,F,2,24,24,0.967231287,Andrea Le,NA,209.6,8.447153235,NA,2016-06-08_D11_2,1,formalin,NA,NA,2016-06-08,D11,2,H,0,50.347862,-125.455554,2016-06-08 08:29:35 PDT,NA,2016-06-08 08:35:08 PDT,0:05:33,B27226,347632,352247,N,4615,24.81309314,NA,NA,NA,no,TAX,NA,Technician,NA
QPK734,24.81309314,1000,1,1 to 2,Arthropoda,Maxillipoda,Calanoida,Centropagidae,Centropages,abdominalis,TBD,TBD,TBD,Centropages abdominalis,NA,M,<2,3,3,0.120903911,Andrea Le,NA,209.6,8.447153235,NA,2016-06-08_D11_2,1,formalin,NA,NA,2016-06-08,D11,2,H,0,50.347862,-125.455554,2016-06-08 08:29:35 PDT,NA,2016-06-08 08:35:08 PDT,0:05:33,B27226,347632,352247,N,4615,24.81309314,NA,NA,NA,no,TAX,NA,Technician,NA
QPK734,24.81309314,1000,1,5 to 10,Chaetognatha,NA,NA,NA,NA,NA,TBD,TBD,TBD,Chaetognath,NA,NA,6.5,5,5,0.201506518,Andrea Le,NA,209.6,8.447153235,NA,2016-06-08_D11_2,1,formalin,NA,NA,2016-06-08,D11,2,H,0,50.347862,-125.455554,2016-06-08 08:29:35 PDT,NA,2016-06-08 08:35:08 PDT,0:05:33,B27226,347632,352247,N,4615,24.81309314,NA,NA,NA,no,TAX,NA,Technician,NA
QPK734,24.81309314,1000,1,5 to 10,Cnidaria,Hydrozoa,Leptothecata,Campanulariidae,Clytia,NA,TBD,TBD,TBD,Clytia,NA,NA,8,1,1,0.040301304,Andrea Le,NA,209.6,8.447153235,NA,2016-06-08_D11_2,1,formalin,NA,NA,2016-06-08,D11,2,H,0,50.347862,-125.455554,2016-06-08 08:29:35 PDT,NA,2016-06-08 08:35:08 PDT,0:05:33,B27226,347632,352247,N,4615,24.81309314,NA,NA,NA,no,TAX,NA,Technician,NA
QPK734,24.81309314,1000,1,5 to 10,Ochrophyta,Bacillariophyceae,Fragilariales,Fragilariaceae,Ctenophora,NA,TBD,TBD,TBD,Ctenophore,NA,NA,7,1,1,0.040301304,Andrea Le,NA,209.6,8.447153235,NA,2016-06-08_D11_2,1,formalin,NA,NA,2016-06-08,D11,2,H,0,50.347862,-125.455554,2016-06-08 08:29:35 PDT,NA,2016-06-08 08:35:08 PDT,0:05:33,B27226,347632,352247,N,4615,24.81309314,NA,NA,NA,no,TAX,NA,Technician,NA
QPK734,24.81309314,1000,1,1 to 2,NA,NA,NA,NA,NA,NA,TBD,TBD,TBD,Egg (fish),NA,NA,<2,1,1,0.040301304,Andrea Le,NA,209.6,8.447153235,NA,2016-06-08_D11_2,1,formalin,NA,NA,2016-06-08,D11,2,H,0,50.347862,-125.455554,2016-06-08 08:29:35 PDT,NA,2016-06-08 08:35:08 PDT,0:05:33,B27226,347632,352247,N,4615,24.81309314,NA,NA,NA,no,TAX,NA,Technician,NA
QPK734,24.81309314,1000,1,2 to 5,Arthropoda,Hexanauplia,Calanoida,Pontellidae,Epilabidocera,longipedata,TBD,TBD,TBD,Epilabidocera longipedata,NA,F,3.75,5,5,0.201506518,Andrea Le,NA,209.6,8.447153235,NA,2016-06-08_D11_2,1,formalin,NA,NA,2016-06-08,D11,2,H,0,50.347862,-125.455554,2016-06-08 08:29:35 PDT,NA,2016-06-08 08:35:08 PDT,0:05:33,B27226,347632,352247,N,4615,24.81309314,NA,NA,NA,no,TAX,NA,Technician,NA
QPK734,24.81309314,1000,1,2 to 5,Arthropoda,Hexanauplia,Calanoida,Pontellidae,Epilabidocera,longipedata,TBD,TBD,TBD,Epilabidocera longipedata,NA,M,3.5,1,1,0.040301304,Andrea Le,NA,209.6,8.447153235,NA,2016-06-08_D11_2,1,formalin,NA,NA,2016-06-08,D11,2,H,0,50.347862,-125.455554,2016-06-08 08:29:35 PDT,NA,2016-06-08 08:35:08 PDT,0:05:33,B27226,347632,352247,N,4615,24.81309314,NA,NA,NA,no,TAX,NA,Technician,NA
QPK734,24.81309314,1000,1,2 to 5,Arthropoda,Hexanauplia,Calanoida,Pontellidae,Epilabidocera,longipedata,TBD,TBD,TBD,Epilabidocera longipedata,C5,NA,2.5,4,4,0.161205214,Andrea Le,NA,209.6,8.447153235,NA,2016-06-08_D11_2,1,formalin,NA,NA,2016-06-08,D11,2,H,0,50.347862,-125.455554,2016-06-08 08:29:35 PDT,NA,2016-06-08 08:35:08 PDT,0:05:33,B27226,347632,352247,N,4615,24.81309314,NA,NA,NA,no,TAX,NA,Technician,NA
QPK734,24.81309314,1000,1,2 to 5,Arthropoda,Hexanauplia,Calanoida,Eucalanidae,Eucalanus,NA,TBD,TBD,TBD,Eucalanus,NA,NA,4.5,1,1,0.040301304,Andrea Le,NA,209.6,8.447153235,NA,2016-06-08_D11_2,1,formalin,NA,NA,2016-06-08,D11,2,H,0,50.347862,-125.455554,2016-06-08 08:29:35 PDT,NA,2016-06-08 08:35:08 PDT,0:05:33,B27226,347632,352247,N,4615,24.81309314,NA,NA,NA,no,TAX,NA,Technician,NA
QPK734,24.81309314,1000,1,2 to 5,Cnidaria,Hydrozoa,Anthoathecata,Halimedusidae,Halimedusa,typus,TBD,TBD,TBD,Halimedusa typus,NA,NA,3.45,2,2,0.080602607,Andrea Le,NA,209.6,8.447153235,NA,2016-06-08_D11_2,1,formalin,NA,NA,2016-06-08,D11,2,H,0,50.347862,-125.455554,2016-06-08 08:29:35 PDT,NA,2016-06-08 08:35:08 PDT,0:05:33,B27226,347632,352247,N,4615,24.81309314,NA,NA,NA,no,TAX,NA,Technician,NA
QPK734,24.81309314,1000,1,2 to 5,Arthropoda,Malacostraca,Amphipoda,Hyperiidae,Themisto,NA,TBD,TBD,TBD,Hyperiid (themisto),NA,NA,4.05,5,5,0.201506518,Andrea Le,NA,209.6,8.447153235,NA,2016-06-08_D11_2,1,formalin,NA,NA,2016-06-08,D11,2,H,0,50.347862,-125.455554,2016-06-08 08:29:35 PDT,NA,2016-06-08 08:35:08 PDT,0:05:33,B27226,347632,352247,N,4615,24.81309314,NA,NA,NA,no,TAX,NA,Technician,NA
QPK734,24.81309314,1000,1,2 to 5,Arthropoda,Malacostraca,Decapoda,Majidae,NA,NA,TBD,TBD,TBD,Majidae,NA,NA,2.2,28,28,1.128436501,Andrea Le,NA,209.6,8.447153235,NA,2016-06-08_D11_2,1,formalin,NA,NA,2016-06-08,D11,2,H,0,50.347862,-125.455554,2016-06-08 08:29:35 PDT,NA,2016-06-08 08:35:08 PDT,0:05:33,B27226,347632,352247,N,4615,24.81309314,NA,NA,NA,no,TAX,NA,Technician,NA
QPK734,24.81309314,1000,1,2 to 5,Arthropoda,Hexanauplia,Calanoida,Metridinidae,Metridia,NA,TBD,TBD,TBD,Metridia,NA,NA,2.3,1,1,0.040301304,Andrea Le,NA,209.6,8.447153235,NA,2016-06-08_D11_2,1,formalin,NA,NA,2016-06-08,D11,2,H,0,50.347862,-125.455554,2016-06-08 08:29:35 PDT,NA,2016-06-08 08:35:08 PDT,0:05:33,B27226,347632,352247,N,4615,24.81309314,NA,NA,NA,no,TAX,NA,Technician,NA
QPK734,24.81309314,1000,1,2 to 5,Arthropoda,Malacostraca,Decapoda,Pandalidae,NA,NA,TBD,TBD,TBD,Pandalidae,NA,NA,3.8,19,19,0.765724768,Andrea Le,NA,209.6,8.447153235,NA,2016-06-08_D11_2,1,formalin,NA,NA,2016-06-08,D11,2,H,0,50.347862,-125.455554,2016-06-08 08:29:35 PDT,NA,2016-06-08 08:35:08 PDT,0:05:33,B27226,347632,352247,N,4615,24.81309314,NA,NA,NA,no,TAX,NA,Technician,NA
QPK734,24.81309314,1000,1,2 to 5,Arthropoda,Malacostraca,Decapoda,Pinnotheridae,NA,NA,TBD,TBD,TBD,Pinnotheridae,NA,NA,2,2,2,0.080602607,Andrea Le,NA,209.6,8.447153235,NA,2016-06-08_D11_2,1,formalin,NA,NA,2016-06-08,D11,2,H,0,50.347862,-125.455554,2016-06-08 08:29:35 PDT,NA,2016-06-08 08:35:08 PDT,0:05:33,B27226,347632,352247,N,4615,24.81309314,NA,NA,NA,no,TAX,NA,Technician,NA
QPK734,24.81309314,1000,1,2 to 5,Cnidaria,Hydrozoa,Anthoathecata,Corynidae,Sarsia,NA,TBD,TBD,TBD,Sarsia,NA,NA,3.65,2,2,0.080602607,Andrea Le,NA,209.6,8.447153235,NA,2016-06-08_D11_2,1,formalin,NA,NA,2016-06-08,D11,2,H,0,50.347862,-125.455554,2016-06-08 08:29:35 PDT,NA,2016-06-08 08:35:08 PDT,0:05:33,B27226,347632,352247,N,4615,24.81309314,NA,NA,NA,no,TAX,NA,Technician,NA
QPK734,24.81309314,1000,1,1 to 2,Arthropoda,Hexanauplia,Calanoida,Tortanidae,Tortanus,NA,TBD,TBD,TBD,Tortanus,NA,M,<2,7,7,0.282109125,Andrea Le,NA,209.6,8.447153235,NA,2016-06-08_D11_2,1,formalin,NA,NA,2016-06-08,D11,2,H,0,50.347862,-125.455554,2016-06-08 08:29:35 PDT,NA,2016-06-08 08:35:08 PDT,0:05:33,B27226,347632,352247,N,4615,24.81309314,NA,NA,NA,no,TAX,NA,Technician,NA
QPK734,24.81309314,1000,1,2 to 5,Arthropoda,Hexanauplia,Calanoida,Tortanidae,Tortanus,NA,TBD,TBD,TBD,Tortanus,NA,F,2.3,7,7,0.282109125,Andrea Le,NA,209.6,8.447153235,NA,2016-06-08_D11_2,1,formalin,NA,NA,2016-06-08,D11,2,H,0,50.347862,-125.455554,2016-06-08 08:29:35 PDT,NA,2016-06-08 08:35:08 PDT,0:05:33,B27226,347632,352247,N,4615,24.81309314,NA,NA,NA,no,TAX,NA,Technician,NA
QPK734,24.81309314,250,0.02,<1,Arthropoda,Maxillopoda,Calanoida,Acartiidae,Acartia,NA,TBD,TBD,TBD,Acartia,NA,NA,<2,50,2500,100.753259,Andrea Le,NA,2363.7,95.26019133,NA,2016-06-08_D11_2,1,formalin,NA,NA,2016-06-08,D11,2,H,0,50.347862,-125.455554,2016-06-08 08:29:35 PDT,NA,2016-06-08 08:35:08 PDT,0:05:33,B27226,347632,352247,N,4615,24.81309314,NA,NA,NA,no,TAX,NA,Technician,NA
QPK734,24.81309314,250,0.02,<1,Arthropoda,Maxillopoda,NA,NA,NA,NA,TBD,TBD,TBD,Barnacle nauplius,nauplius,NA,<2,39,1950,78.58754203,Andrea Le,NA,2363.7,95.26019133,NA,2016-06-08_D11_2,1,formalin,NA,NA,2016-06-08,D11,2,H,0,50.347862,-125.455554,2016-06-08 08:29:35 PDT,NA,2016-06-08 08:35:08 PDT,0:05:33,B27226,347632,352247,N,4615,24.81309314,NA,NA,NA,no,TAX,NA,Technician,NA
QPK734,24.81309314,250,0.02,<1,Mollusca,Bivalvia,NA,NA,NA,NA,TBD,TBD,TBD,Bivalve veliger,veliger,NA,<2,3,150,6.045195541,Andrea Le,NA,2363.7,95.26019133,NA,2016-06-08_D11_2,1,formalin,NA,NA,2016-06-08,D11,2,H,0,50.347862,-125.455554,2016-06-08 08:29:35 PDT,NA,2016-06-08 08:35:08 PDT,0:05:33,B27226,347632,352247,N,4615,24.81309314,NA,NA,NA,no,TAX,NA,Technician,NA
QPK734,24.81309314,250,0.02,2 to 5,Arthropoda,Maxillopoda,Calanoida,Calanidae,Calanus,pacificus,TBD,TBD,TBD,Calanus pacificus,NA,NA,2.5,4,200,8.060260721,Andrea Le,NA,2363.7,95.26019133,NA,2016-06-08_D11_2,1,formalin,NA,NA,2016-06-08,D11,2,H,0,50.347862,-125.455554,2016-06-08 08:29:35 PDT,NA,2016-06-08 08:35:08 PDT,0:05:33,B27226,347632,352247,N,4615,24.81309314,NA,NA,NA,no,TAX,NA,Technician,NA
QPK734,24.81309314,250,0.02,1 to 2,Arthropoda,Maxillipoda,Calanoida,Centropagidae,Centropages,abdominalis,TBD,TBD,TBD,Centropages abdominalis,NA,NA,<2,11,550,22.16571698,Andrea Le,NA,2363.7,95.26019133,NA,2016-06-08_D11_2,1,formalin,NA,NA,2016-06-08,D11,2,H,0,50.347862,-125.455554,2016-06-08 08:29:35 PDT,NA,2016-06-08 08:35:08 PDT,0:05:33,B27226,347632,352247,N,4615,24.81309314,NA,NA,NA,no,TAX,NA,Technician,NA
QPK734,24.81309314,250,0.02,1 to 2,Arthropoda,Maxillipoda,Calanoida,Centropagidae,Centropages,abdominalis,TBD,TBD,TBD,Centropages abdominalis,NA,F,<2,11,550,22.16571698,Andrea Le,NA,2363.7,95.26019133,NA,2016-06-08_D11_2,1,formalin,NA,NA,2016-06-08,D11,2,H,0,50.347862,-125.455554,2016-06-08 08:29:35 PDT,NA,2016-06-08 08:35:08 PDT,0:05:33,B27226,347632,352247,N,4615,24.81309314,NA,NA,NA,no,TAX,NA,Technician,NA
QPK734,24.81309314,250,0.02,1 to 2,Arthropoda,Maxillipoda,Calanoida,Centropagidae,Centropages,abdominalis,TBD,TBD,TBD,Centropages abdominalis,NA,M,<2,12,600,24.18078216,Andrea Le,NA,2363.7,95.26019133,NA,2016-06-08_D11_2,1,formalin,NA,NA,2016-06-08,D11,2,H,0,50.347862,-125.455554,2016-06-08 08:29:35 PDT,NA,2016-06-08 08:35:08 PDT,0:05:33,B27226,347632,352247,N,4615,24.81309314,NA,NA,NA,no,TAX,NA,Technician,NA
QPK734,24.81309314,250,0.02,1 to 2,Chaetognatha,NA,NA,NA,NA,NA,TBD,TBD,TBD,Chaetognath,NA,NA,<2,1,50,2.01506518,Andrea Le,NA,2363.7,95.26019133,NA,2016-06-08_D11_2,1,formalin,NA,NA,2016-06-08,D11,2,H,0,50.347862,-125.455554,2016-06-08 08:29:35 PDT,NA,2016-06-08 08:35:08 PDT,0:05:33,B27226,347632,352247,N,4615,24.81309314,NA,NA,NA,no,TAX,NA,Technician,NA
QPK734,24.81309314,250,0.02,<1,Arthropoda,Maxillipoda,NA,NA,NA,NA,TBD,TBD,TBD,Copepod nauplius,nauplius,NA,<2,2,100,4.03013036,Andrea Le,NA,2363.7,95.26019133,NA,2016-06-08_D11_2,1,formalin,NA,NA,2016-06-08,D11,2,H,0,50.347862,-125.455554,2016-06-08 08:29:35 PDT,NA,2016-06-08 08:35:08 PDT,0:05:33,B27226,347632,352247,N,4615,24.81309314,NA,NA,NA,no,TAX,NA,Technician,NA
QPK734,24.81309314,250,0.02,1 to 2,Arthropoda,Maxillipoda,Calanoida,NA,NA,NA,TBD,TBD,TBD,Copepodite,C1,NA,<2,5,250,10.0753259,Andrea Le,NA,2363.7,95.26019133,NA,2016-06-08_D11_2,1,formalin,NA,NA,2016-06-08,D11,2,H,0,50.347862,-125.455554,2016-06-08 08:29:35 PDT,NA,2016-06-08 08:35:08 PDT,0:05:33,B27226,347632,352247,N,4615,24.81309314,NA,NA,NA,no,TAX,NA,Technician,NA
QPK734,24.81309314,250,0.02,1 to 2,Arthropoda,Maxillipoda,Calanoida,NA,NA,NA,TBD,TBD,TBD,Copepodite,C3,NA,<2,3,150,6.045195541,Andrea Le,NA,2363.7,95.26019133,NA,2016-06-08_D11_2,1,formalin,NA,NA,2016-06-08,D11,2,H,0,50.347862,-125.455554,2016-06-08 08:29:35 PDT,NA,2016-06-08 08:35:08 PDT,0:05:33,B27226,347632,352247,N,4615,24.81309314,NA,NA,NA,no,TAX,NA,Technician,NA
QPK734,24.81309314,250,0.02,1 to 2,Arthropoda,Maxillipoda,Calanoida,NA,NA,NA,TBD,TBD,TBD,Copepodite,C2,NA,<2,2,100,4.03013036,Andrea Le,NA,2363.7,95.26019133,NA,2016-06-08_D11_2,1,formalin,NA,NA,2016-06-08,D11,2,H,0,50.347862,-125.455554,2016-06-08 08:29:35 PDT,NA,2016-06-08 08:35:08 PDT,0:05:33,B27226,347632,352247,N,4615,24.81309314,NA,NA,NA,no,TAX,NA,Technician,NA
QPK734,24.81309314,250,0.02,<1,Arthropoda,Maxillopoda,Cyclopoida,Corycaeidae,Corycaeus,NA,TBD,TBD,TBD,Corycaeus,NA,NA,<2,140,7000,282.1091252,Andrea Le,NA,2363.7,95.26019133,NA,2016-06-08_D11_2,1,formalin,NA,NA,2016-06-08,D11,2,H,0,50.347862,-125.455554,2016-06-08 08:29:35 PDT,NA,2016-06-08 08:35:08 PDT,0:05:33,B27226,347632,352247,N,4615,24.81309314,NA,NA,NA,no,TAX,NA,Technician,NA
QPK734,24.81309314,250,0.02,2 to 5,Arthropoda,Malacostraca,Decapoda,Crangonidae,NA,NA,TBD,TBD,TBD,Crangonidae,NA,NA,3,1,50,2.01506518,Andrea Le,NA,2363.7,95.26019133,NA,2016-06-08_D11_2,1,formalin,NA,NA,2016-06-08,D11,2,H,0,50.347862,-125.455554,2016-06-08 08:29:35 PDT,NA,2016-06-08 08:35:08 PDT,0:05:33,B27226,347632,352247,N,4615,24.81309314,NA,NA,NA,no,TAX,NA,Technician,NA
QPK734,24.81309314,250,0.02,<1,Arthropoda,Maxillopoda,NA,NA,NA,NA,TBD,TBD,TBD,Cyprid,NA,NA,<2,12,600,24.18078216,Andrea Le,NA,2363.7,95.26019133,NA,2016-06-08_D11_2,1,formalin,NA,NA,2016-06-08,D11,2,H,0,50.347862,-125.455554,2016-06-08 08:29:35 PDT,NA,2016-06-08 08:35:08 PDT,0:05:33,B27226,347632,352247,N,4615,24.81309314,NA,NA,NA,no,TAX,NA,Technician,NA
QPK734,24.81309314,250,0.02,<1,NA,NA,NA,NA,NA,NA,TBD,TBD,TBD,Egg (oily),NA,NA,<2,1,50,2.01506518,Andrea Le,NA,2363.7,95.26019133,NA,2016-06-08_D11_2,1,formalin,NA,NA,2016-06-08,D11,2,H,0,50.347862,-125.455554,2016-06-08 08:29:35 PDT,NA,2016-06-08 08:35:08 PDT,0:05:33,B27226,347632,352247,N,4615,24.81309314,NA,NA,NA,no,TAX,NA,Technician,NA
QPK734,24.81309314,250,0.02,<1,Arthropoda,Malacostraca,Euphausiacea,Euphausiidae,NA,NA,TBD,TBD,TBD,Euphausiid calytopsis,NA,NA,<2,3,150,6.045195541,Andrea Le,NA,2363.7,95.26019133,NA,2016-06-08_D11_2,1,formalin,NA,NA,2016-06-08,D11,2,H,0,50.347862,-125.455554,2016-06-08 08:29:35 PDT,NA,2016-06-08 08:35:08 PDT,0:05:33,B27226,347632,352247,N,4615,24.81309314,NA,NA,NA,no,TAX,NA,Technician,NA
QPK734,24.81309314,250,0.02,<1,Arthropoda,Branchiopoda,Diplostraca,Podonidae,Evadne,NA,TBD,TBD,TBD,Evadne,NA,NA,<2,14,700,28.21091252,Andrea Le,NA,2363.7,95.26019133,NA,2016-06-08_D11_2,1,formalin,NA,NA,2016-06-08,D11,2,H,0,50.347862,-125.455554,2016-06-08 08:29:35 PDT,NA,2016-06-08 08:35:08 PDT,0:05:33,B27226,347632,352247,N,4615,24.81309314,NA,NA,NA,no,TAX,NA,Technician,NA
QPK734,24.81309314,250,0.02,<1,Mollusca,Gastropoda,NA,NA,NA,NA,TBD,TBD,TBD,Gastropod egg,NA,NA,<2,2,100,4.03013036,Andrea Le,NA,2363.7,95.26019133,NA,2016-06-08_D11_2,1,formalin,NA,NA,2016-06-08,D11,2,H,0,50.347862,-125.455554,2016-06-08 08:29:35 PDT,NA,2016-06-08 08:35:08 PDT,0:05:33,B27226,347632,352247,N,4615,24.81309314,NA,NA,NA,no,TAX,NA,Technician,NA
QPK734,24.81309314,250,0.02,1 to 2,Mollusca,Gastropoda,NA,NA,NA,NA,TBD,TBD,TBD,Gastropod veliger,veliger,NA,<2,7,350,14.10545626,Andrea Le,NA,2363.7,95.26019133,NA,2016-06-08_D11_2,1,formalin,NA,NA,2016-06-08,D11,2,H,0,50.347862,-125.455554,2016-06-08 08:29:35 PDT,NA,2016-06-08 08:35:08 PDT,0:05:33,B27226,347632,352247,N,4615,24.81309314,NA,NA,NA,no,TAX,NA,Technician,NA
QPK734,24.81309314,250,0.02,1 to 2,Cnidaria,Hydrozoa,NA,NA,NA,NA,TBD,TBD,TBD,Hydromedusae,NA,NA,<2,2,100,4.03013036,Andrea Le,NA,2363.7,95.26019133,NA,2016-06-08_D11_2,1,formalin,NA,NA,2016-06-08,D11,2,H,0,50.347862,-125.455554,2016-06-08 08:29:35 PDT,NA,2016-06-08 08:35:08 PDT,0:05:33,B27226,347632,352247,N,4615,24.81309314,NA,NA,NA,no,TAX,NA,Technician,NA
QPK734,24.81309314,250,0.02,1 to 2,Arthropoda,Malacostraca,Decapoda,Majidae,NA,NA,TBD,TBD,TBD,Majidae,NA,NA,<2,7,350,14.10545626,Andrea Le,NA,2363.7,95.26019133,NA,2016-06-08_D11_2,1,formalin,NA,NA,2016-06-08,D11,2,H,0,50.347862,-125.455554,2016-06-08 08:29:35 PDT,NA,2016-06-08 08:35:08 PDT,0:05:33,B27226,347632,352247,N,4615,24.81309314,NA,NA,NA,no,TAX,NA,Technician,NA
QPK734,24.81309314,250,0.02,1 to 2,Chordata,Appendicularia,Copelata,Oikopleuridae,Oikopleura,NA,TBD,TBD,TBD,Oikopleura,NA,NA,<2,48,2400,96.72312865,Andrea Le,NA,2363.7,95.26019133,NA,2016-06-08_D11_2,1,formalin,NA,NA,2016-06-08,D11,2,H,0,50.347862,-125.455554,2016-06-08 08:29:35 PDT,NA,2016-06-08 08:35:08 PDT,0:05:33,B27226,347632,352247,N,4615,24.81309314,NA,NA,NA,no,TAX,NA,Technician,NA
QPK734,24.81309314,250,0.02,<1,Arthropoda,Maxillopoda,Cyclopoida,Oithonidae,Oithona,NA,TBD,TBD,TBD,Oithona,NA,NA,<2,2,100,4.03013036,Andrea Le,NA,2363.7,95.26019133,NA,2016-06-08_D11_2,1,formalin,NA,NA,2016-06-08,D11,2,H,0,50.347862,-125.455554,2016-06-08 08:29:35 PDT,NA,2016-06-08 08:35:08 PDT,0:05:33,B27226,347632,352247,N,4615,24.81309314,NA,NA,NA,no,TAX,NA,Technician,NA
QPK734,24.81309314,250,0.02,1 to 2,Arthropoda,Malacostraca,Decapoda,Pandalidae,NA,NA,TBD,TBD,TBD,Pandalidae,NA,NA,<2,3,150,6.045195541,Andrea Le,NA,2363.7,95.26019133,NA,2016-06-08_D11_2,1,formalin,NA,NA,2016-06-08,D11,2,H,0,50.347862,-125.455554,2016-06-08 08:29:35 PDT,NA,2016-06-08 08:35:08 PDT,0:05:33,B27226,347632,352247,N,4615,24.81309314,NA,NA,NA,no,TAX,NA,Technician,NA
QPK734,24.81309314,250,0.02,1 to 2,Arthropoda,Maxillipoda,Calanoida,Paracalanidae,Paracalanus,NA,TBD,TBD,TBD,Paracalanus,NA,NA,<2,128,6400,257.9283431,Andrea Le,NA,2363.7,95.26019133,NA,2016-06-08_D11_2,1,formalin,NA,NA,2016-06-08,D11,2,H,0,50.347862,-125.455554,2016-06-08 08:29:35 PDT,NA,2016-06-08 08:35:08 PDT,0:05:33,B27226,347632,352247,N,4615,24.81309314,NA,NA,NA,no,TAX,NA,Technician,NA
QPK734,24.81309314,250,0.02,<1,Arthropoda,Branchiopoda,Diplostraca,Podonidae,Podon,NA,TBD,TBD,TBD,Podon,NA,NA,<2,3,150,6.045195541,Andrea Le,NA,2363.7,95.26019133,NA,2016-06-08_D11_2,1,formalin,NA,NA,2016-06-08,D11,2,H,0,50.347862,-125.455554,2016-06-08 08:29:35 PDT,NA,2016-06-08 08:35:08 PDT,0:05:33,B27226,347632,352247,N,4615,24.81309314,NA,NA,NA,no,TAX,NA,Technician,NA
QPK734,24.81309314,250,0.02,<1,Annelida,Polychaeta,NA,NA,NA,NA,TBD,TBD,TBD,Polychaete trocophore,NA,NA,<2,1,50,2.01506518,Andrea Le,NA,2363.7,95.26019133,NA,2016-06-08_D11_2,1,formalin,NA,NA,2016-06-08,D11,2,H,0,50.347862,-125.455554,2016-06-08 08:29:35 PDT,NA,2016-06-08 08:35:08 PDT,0:05:33,B27226,347632,352247,N,4615,24.81309314,NA,NA,NA,no,TAX,NA,Technician,NA
QPK734,24.81309314,250,0.02,1 to 2,Arthropoda,Maxillipoda,Calanoida,Clausocalanidae,Pseudocalanus,NA,TBD,TBD,TBD,Pseudocalanus,NA,NA,<2,32,1600,64.48208577,Andrea Le,NA,2363.7,95.26019133,NA,2016-06-08_D11_2,1,formalin,NA,NA,2016-06-08,D11,2,H,0,50.347862,-125.455554,2016-06-08 08:29:35 PDT,NA,2016-06-08 08:35:08 PDT,0:05:33,B27226,347632,352247,N,4615,24.81309314,NA,NA,NA,no,TAX,NA,Technician,NA
QPK734,24.81309314,250,0.02,1 to 2,Annelida,Polychaeta,Spionida,Spionidae,NA,NA,TBD,TBD,TBD,Spionidae,NA,NA,<2,2,100,4.03013036,Andrea Le,NA,2363.7,95.26019133,NA,2016-06-08_D11_2,1,formalin,NA,NA,2016-06-08,D11,2,H,0,50.347862,-125.455554,2016-06-08 08:29:35 PDT,NA,2016-06-08 08:35:08 PDT,0:05:33,B27226,347632,352247,N,4615,24.81309314,NA,NA,NA,no,TAX,NA,Technician,NA
QPK734,24.81309314,250,0.02,1 to 2,Arthropoda,Hexanauplia,Calanoida,Tortanidae,Tortanus,NA,TBD,TBD,TBD,Tortanus,NA,M,<2,1,50,2.01506518,Andrea Le,NA,2363.7,95.26019133,NA,2016-06-08_D11_2,1,formalin,NA,NA,2016-06-08,D11,2,H,0,50.347862,-125.455554,2016-06-08 08:29:35 PDT,NA,2016-06-08 08:35:08 PDT,0:05:33,B27226,347632,352247,N,4615,24.81309314,NA,NA,NA,no,TAX,NA,Technician,NA
QPK747,13.86665905,250,0.1,<1,Arthropoda,Hexanauplia,NA,NA,NA,NA,TBD,TBD,TBD,Cyprid Larva,NA,NA,<2,12,120,8.653850907,Jessica Schaub,16:22:00,7890.7,569.0411779,Sample is very thick with diatoms! Had to split more than normal to get past all the diatoms. Will affect weight,2016-06-14_D09_1,1,formalin,NA,NA,2016-06-14,D09,1,H,0,50.307131,-125.332424,2016-06-14 16:21:12 PDT,NA,2016-06-14 16:24:15 PDT,0:03:03,B27226,376967,379595,N,2628,14.18569261,NA,NA,NA,no,TAX,NA,Technician,NA
QPK747,13.86665905,250,0.1,<1,Bryozoa,Gymnolaemata,NA,NA,NA,NA,TBD,TBD,TBD,Cyphonautes Larva,NA,M,<2,7,70,5.048079696,Jessica Schaub,16:22:00,7890.7,569.0411779,Sample is very thick with diatoms! Had to split more than normal to get past all the diatoms. Will affect weight,2016-06-14_D09_1,1,formalin,NA,NA,2016-06-14,D09,1,H,0,50.307131,-125.332424,2016-06-14 16:21:12 PDT,NA,2016-06-14 16:24:15 PDT,0:03:03,B27226,376967,379595,N,2628,14.18569261,NA,NA,NA,no,TAX,NA,Technician,NA
QPK747,13.86665905,250,0.1,<1,Mollusca,Bivalvia,NA,NA,NA,NA,TBD,TBD,TBD,Bivalve veliger,NA,NA,<2,181,1810,130.5289179,Jessica Schaub,16:22:00,7890.7,569.0411779,Sample is very thick with diatoms! Had to split more than normal to get past all the diatoms. Will affect weight,2016-06-14_D09_1,1,formalin,NA,NA,2016-06-14,D09,1,H,0,50.307131,-125.332424,2016-06-14 16:21:12 PDT,NA,2016-06-14 16:24:15 PDT,0:03:03,B27226,376967,379595,N,2628,14.18569261,NA,NA,NA,no,TAX,NA,Technician,NA
QPK747,13.86665905,250,0.1,<1,Arthropoda,Hexanauplia,Calanoida,NA,NA,NA,TBD,TBD,TBD,Calanoid Copepod,NA,M,<2,187,1870,134.8558433,Jessica Schaub,16:22:00,7890.7,569.0411779,Sample is very thick with diatoms! Had to split more than normal to get past all the diatoms. Will affect weight,2016-06-14_D09_1,1,formalin,NA,NA,2016-06-14,D09,1,H,0,50.307131,-125.332424,2016-06-14 16:21:12 PDT,NA,2016-06-14 16:24:15 PDT,0:03:03,B27226,376967,379595,N,2628,14.18569261,NA,NA,NA,no,TAX,NA,Technician,NA
QPK747,13.86665905,250,0.1,<1,Arthropoda,NA,NA,NA,NA,NA,TBD,TBD,TBD,Nauplius Larva,NA,NA,<2,26,260,18.7500103,Jessica Schaub,16:22:00,7890.7,569.0411779,Sample is very thick with diatoms! Had to split more than normal to get past all the diatoms. Will affect weight,2016-06-14_D09_1,1,formalin,NA,NA,2016-06-14,D09,1,H,0,50.307131,-125.332424,2016-06-14 16:21:12 PDT,NA,2016-06-14 16:24:15 PDT,0:03:03,B27226,376967,379595,N,2628,14.18569261,NA,NA,NA,no,TAX,NA,Technician,NA
QPK747,13.86665905,250,0.1,<1,Chordata,Appendicularia,Copelata,Oikopleuridae,Oikopleura,NA,TBD,TBD,TBD,Oikopleura sp.,NA,M,<2,56,560,40.38463757,Jessica Schaub,16:22:00,7890.7,569.0411779,Sample is very thick with diatoms! Had to split more than normal to get past all the diatoms. Will affect weight,2016-06-14_D09_1,1,formalin,NA,NA,2016-06-14,D09,1,H,0,50.307131,-125.332424,2016-06-14 16:21:12 PDT,NA,2016-06-14 16:24:15 PDT,0:03:03,B27226,376967,379595,N,2628,14.18569261,NA,NA,NA,no,TAX,NA,Technician,NA
QPK747,13.86665905,250,0.1,<1,Ctenophora,Tentaculata,Cydippida,NA,NA,NA,TBD,TBD,TBD,Cydippid Ctenophore,NA,NA,<2,6,60,4.326925454,Jessica Schaub,16:22:00,7890.7,569.0411779,Sample is very thick with diatoms! Had to split more than normal to get past all the diatoms. Will affect weight,2016-06-14_D09_1,1,formalin,NA,NA,2016-06-14,D09,1,H,0,50.307131,-125.332424,2016-06-14 16:21:12 PDT,NA,2016-06-14 16:24:15 PDT,0:03:03,B27226,376967,379595,N,2628,14.18569261,NA,NA,NA,no,TAX,NA,Technician,NA
QPK747,13.86665905,250,0.1,<1,Arthropoda,Branchiopoda,Diplostraca,Podonidae,Evadne,NA,TBD,TBD,TBD,Evadne sp.,NA,M,<2,108,1080,77.88465817,Jessica Schaub,16:22:00,7890.7,569.0411779,Sample is very thick with diatoms! Had to split more than normal to get past all the diatoms. Will affect weight,2016-06-14_D09_1,1,formalin,NA,NA,2016-06-14,D09,1,H,0,50.307131,-125.332424,2016-06-14 16:21:12 PDT,NA,2016-06-14 16:24:15 PDT,0:03:03,B27226,376967,379595,N,2628,14.18569261,NA,NA,NA,no,TAX,NA,Technician,NA
QPK747,13.86665905,250,0.1,<1,Mollusca,Gastropoda,NA,NA,NA,NA,TBD,TBD,TBD,Veliger Larva,NA,NA,<2,8,80,5.769233938,Jessica Schaub,16:22:00,7890.7,569.0411779,Sample is very thick with diatoms! Had to split more than normal to get past all the diatoms. Will affect weight,2016-06-14_D09_1,1,formalin,NA,NA,2016-06-14,D09,1,H,0,50.307131,-125.332424,2016-06-14 16:21:12 PDT,NA,2016-06-14 16:24:15 PDT,0:03:03,B27226,376967,379595,N,2628,14.18569261,NA,NA,NA,no,TAX,NA,Technician,NA
QPK747,13.86665905,250,0.1,<1,Arthropoda,Hexanauplia,Cyclopoida,NA,NA,NA,TBD,TBD,TBD,Cyclopoid Copepod,NA,M,<2,4,40,2.884616969,Jessica Schaub,16:22:00,7890.7,569.0411779,Sample is very thick with diatoms! Had to split more than normal to get past all the diatoms. Will affect weight,2016-06-14_D09_1,1,formalin,NA,NA,2016-06-14,D09,1,H,0,50.307131,-125.332424,2016-06-14 16:21:12 PDT,NA,2016-06-14 16:24:15 PDT,0:03:03,B27226,376967,379595,N,2628,14.18569261,NA,NA,NA,no,TAX,NA,Technician,NA
QPK747,13.86665905,250,0.1,<1,Echinodermata,Echnoidea,NA,NA,NA,NA,TBD,TBD,TBD,Pluteus Larva,NA,NA,<2,2,20,1.442308485,Jessica Schaub,16:22:00,7890.7,569.0411779,Sample is very thick with diatoms! Had to split more than normal to get past all the diatoms. Will affect weight,2016-06-14_D09_1,1,formalin,NA,NA,2016-06-14,D09,1,H,0,50.307131,-125.332424,2016-06-14 16:21:12 PDT,NA,2016-06-14 16:24:15 PDT,0:03:03,B27226,376967,379595,N,2628,14.18569261,NA,NA,NA,no,TAX,NA,Technician,NA
QPK747,13.86665905,250,0.1,<1,Annelida,Polychaeta,NA,NA,NA,NA,TBD,TBD,TBD,Trochophore Larva,NA,M,<2,1,10,0.721154242,Jessica Schaub,16:22:00,7890.7,569.0411779,Sample is very thick with diatoms! Had to split more than normal to get past all the diatoms. Will affect weight,2016-06-14_D09_1,1,formalin,NA,NA,2016-06-14,D09,1,H,0,50.307131,-125.332424,2016-06-14 16:21:12 PDT,NA,2016-06-14 16:24:15 PDT,0:03:03,B27226,376967,379595,N,2628,14.18569261,NA,NA,NA,no,TAX,NA,Technician,NA
